品类	商品	佣金百分比
摩托车用品	电动车配件	18
宠物用品	动物心脏监测器	19
汽车配件	冷却液软管	20
家居清洁用品	空气清新剂	23
办公用品	软磁片	24
婴儿食品	婴儿食品	20
专业乐器	哑鼓	21
体育用品	钓鱼回收器	25
汽车配件	刹车油壶	20
汽车配件	车门内把手	20
汽车配件	发电机总成	20
运动配件	滑雪板刮板	25
园艺工具及灌溉用品	采摘袋	20
玩具	儿童蹦床	24
节庆用品	雪花装饰	26
发饰	发饰套装	20
手动工具及配件	钻孔定位器	20
健康用品	医用钳子	25
玩具	拼图	24
图书与光盘	塔罗牌	21
汽车配件	轮毂轴承	20
电子配件	蓄电池	17
运动营养品及化妆品	能量棒	23
摄影器材	MP3遥控器	20
节庆用品	仿真花花束	26
酒类	龙舌兰酒	21
婴儿服装	婴儿外套	21
健康用品	横杆绳索	25
建筑材料	建筑用沙	21
玩具	拼插积木	24
卫浴	杯具冲洗器	20
宗教与玄学	墓地花瓶	26
服装	打底裤	20
电动工具及设备	开槽机	20
体育用品	弓箭瞄准器	25
配饰	睡帽	20
美妆	美甲装饰	25
体育用品	鱼嘴钳	25
配饰	刀具保护套	20
电脑及笔记本	硬盘盒	20
美妆	唇膏	25
成人用品	阴道哑铃	25
手动工具及配件	脚手架	20
美妆	彩绘胶	25
汽车配件	汽车密封条	20
汽车配件	雨刮连杆机构	20
办公用品	橡皮泥	24
汽车配件及改装件	十字扳手	20
电子配件	显示器支架	20
运动服装	运动紧身裤	20
美妆	临时纹身和水钻	25
智能家居与安防	可视门铃	20
Wildberries礼品卡	Wildberries礼品卡	26
食品	油粕	21
网络设备	调制解调器	19.5
体育用品	固体燃料燃烧器	25
成人用品	性爱球	25
节庆用品	其他庆祝活动配件	26
餐具器具	炖煎锅	26
手动工具及配件	电气测量仪表	20
汽车配件及改装件	座椅加热器	20
帽类	缠头巾	20
办公用品	圆规套装	24
智能家居与安防	电子猫眼	20
运动服装	运动高领衫	20
服装	吊带衫/上衣	20
汽车配件	汽车谐振器	20
汽车配件及改装件	拖车环	20
园艺设备	草坪拖拉机	17
收纳	收纳盒	24
服装	半拉链冲锋衣	20
办公用品	修正液	24
办公设备	打印机墨盒	21
美妆	沐浴液	25
节庆用品	酒瓶装饰	26
装修材料	抽屉把手	20
露营及休闲用品	便携淋浴器	25
婴儿服装	婴儿短裤	21
运动配件	跑步机跑带	25
餐具器具	搅拌棒	26
建筑材料	家用捆绳	21
园艺工具及灌溉用品	手动耕耘机	20
手工制品	裁皮刀片	23
园艺工具及灌溉用品	儿童园艺工具	20
电工电气	光电耦合器	21
食品	冷冻水果	21
体育用品	自行车篮	25
美妆	浴用香精	25
体育用品	冰面防滑链	25
节庆用品	蛋糕插牌	24
体育用品	滑板车螺栓	25
装修材料	柔性砖	20
办公用品	素描本	24
厨房电器	华夫饼机	18
专业乐器	吉他指套	21
成人用品	情趣固定器	25
烟具	香烟嘴	22
玩具	毛绒玩具	24
体育用品	饵料盒	25
手动工具及配件	滚筒刷滚芯	20
体育用品	自行车指拨	25
工作服及防护用品	工装连体裤	25
成人用品	性爱娃娃充气泵	25
汽车配件及改装件	汽车绞盘	20
智能手机及数码产品	手机	18
家居清洁用品	洗洁精	23
烟具	卷烟器	22
园艺工具及灌溉用品	园艺手推车轮及轮胎	20
交通工具	沙滩车	18
玩具	飞盘	24
卫浴	污水处理装置	20
餐具器具	酿酒设备	26
健康用品	病毒阻隔剂	25
宠物用品	动物浴袍	19
车载电子	车载收音机	20
健康用品	指氧仪	22
专业乐器	钢琴贴纸	21
花园家具	花园家具套装	20
影音设备	电视接收器	18
电子配件	时间追踪器	18
电子配件	节拍器	18
手动工具及配件	剂量计	20
园艺用品	温室罩	25
玩具	磁性画板	24
家用纺织品	厨房毛巾	25
美妆	海藻类护肤品	25
饰品	念珠	17
运动配件	巧粉夹	25
食品	食用香精	21
建筑材料	美纹纸胶带	21
建筑材料	石棉瓦	21
餐具器具	压面机	26
汽车配件	发动机配件	20
家用纺织品	桌布夹	25
食品	小麦米	21
手动工具及配件	激光水平仪配件	20
厨房电器	搅拌机	18
露营及休闲用品	点火风箱	25
健康用品	医用弹力绷带	25
办公用品	隔页板	24
体育用品	狩猎假人	25
餐具器具	糖果喷枪	26
汽车配件	进气翻板	20
专业乐器	沙槌	21
家用电器	光固化灯	18
宗教与玄学	宗教纪念品	25
卫浴	排水管件	20
园艺用品	育苗桌及架	25
电动工具及设备	马刀锯	20
餐具器具	保温垫	26
露营及休闲用品	电点火器	25
小型家具	吧台椅	20
玩具	玩具	24
美妆	美容按摩仪	25
宠物用品	动物空气净化器	19
建筑材料	模板夹	19
装修材料	锁芯	20
体育用品	瑜伽吊床	25
园艺用品	花园拱门	25
园艺工具及灌溉用品	园艺扫帚	20
即食食品	寿司卷及饭团	21
食品	水果软糖	21
宠物用品	宠物梳子	19
园艺用品	堆肥材料	25
宠物用品	猫马桶训练器	19
婴儿服装	婴儿裤子	21
婴儿内衣	婴儿保暖内裤	20
餐具器具	盖子打孔器	26
玩具	积木块	24
园艺工具及灌溉用品	园艺大扫把	20
小型家具	餐桌	20
汽车配件	同步带	20
机油及工业油液	油箱清洗剂	20
体育用品	滑板甲板	25
餐具器具	砂锅	26
节庆用品	狂欢节鞋	26
电子配件	电池充电器	18
汽车配件及改装件	汽车故障诊断仪	20
电动工具及设备	曲线锯	20
运动配件	潜水帽	25
大家电	酒柜	17
园艺设备	打草机刀头	23
露营及休闲用品	净水剂	25
体育用品	打窝船	25
装修材料	软木板	20
办公家具及商业设备	家具扶手	20
智能手机及数码产品	运动手环	18
体育用品	壶铃	25
手动工具及配件	锉刀及针锉	20
摩托车用品	雪地摩托滑雪刀	20
网络设备	无线网卡	19.5
婴儿用品	婴儿枕套	22
宠物用品	宠物旋转扣	19
汽车配件	拨杆开关	20
运动鞋	涉水鞋	17
烟具	烟灰缸	22
智能家居与安防	门禁对讲面板	20
运动配件	马腿护具	25
建筑材料	聚苯乙烯泡沫	21
工作服及防护用品	工作短裤	25
卫浴	浴缸托脚	20
电子配件	空调罩	25
办公家具及商业设备	家具磁力扣	20
电动工具及设备	电动工具及设备	20
食品	新鲜水果	24
服装	雨披	20
翻新设备	翻新设备	21
运动配件	溜冰鞋套	25
体育用品	拳击护脚套	25
电工电气	电线管	21
食品	咖啡伴侣	21
汽车配件及改装件	修车躺板	20
即食食品	套餐	21
配饰	包和背包的配件	20
食品	蜗牛鱼子酱	21
电工电气	微电子灯管	21
健康用品	药盒	25
卫浴	通风嵌入件	20
运动配件	网球桶	25
餐具器具	拼盘	26
工作服及防护用品	反光背心	25
婴儿服装	儿童中长大衣	21
婴儿食品	儿童酱料	20
食品	谷物棒	21
健康用品	坐便椅	25
酒类	潘趣酒	21
汽车配件及改装件	内饰清洁喷抽机	20
餐具器具	保温锅	26
婴儿用品	奶瓶沥水架	22
宠物用品	鱼缸定时器	19
专业乐器	低音吉他	21
食品	速溶汤	21
手工制品	壁画	23
汽车配件及改装件	应急工具包	20
婴儿用品	哺乳护罩	22
帽类	鸭舌帽	20
餐具器具	棒棒糖棒	26
体育用品	炉架	25
餐具器具	沙拉碗	26
婴儿用品	婴儿床垫保护罩	22
健康用品	青光眼眼镜	25
美妆	纯露	25
办公家具及商业设备	RFID卡	23
成人用品	穿戴式假阴茎	25
电工电气	时间继电器	18
露营及休闲用品	生态厕所	25
宠物用品	鱼缸温度计	19
食品	鱼罐头	21
电工电气	接线盒	21
汽车配件及改装件	汽车脚垫	20
体育用品	浮标	25
体育用品	钓鱼诱饵	25
玩具	婴儿活动中心	24
餐具器具	裱花笔	26
电子配件	泡泡机	18
工作服及防护用品	建筑护膝	19
电子配件	冰柜零件	22
电子配件	充电器	22
体育用品	刹车盘	25
体育用品	拳靶	25
健康用品	预防用药	25
汽车配件及改装件	电缆修理套件	20
摩托车用品	驱动链条	20
食品	小馅饼	21
汽车配件	柴油颗粒过滤器	20
电子配件	硬件钱包	18
健康用品	小便壶	25
运动鞋	训练鞋	17
体育用品	棒球棒	25
餐具器具	量匙	26
电动工具及设备	工作台	20
食品	扁豆	21
餐具器具	纪念品勺子	26
手动工具及配件	斜口钳	20
电子配件	便携设备工具	18
婴儿服装	婴儿紧身裤	21
专业乐器	小提琴肩托	21
美妆	小众香水	25
家居用品	塑料袋提手	23
玩具	儿童滑梯	24
汽车配件及改装件	车载灭火器	20
办公家具及商业设备	游戏桌	20
饰品	吊坠绳	17
婴儿食品	孕妇及哺乳期营养品	20
专业乐器	乐器保护套	21
电子配件	灶具配件	22
家居清洁用品	农用设备清洗剂	23
汽车配件	万向节	20
交通工具	雪地摩托	18
图书与光盘	图书	21
园艺用品	种子	25
运动配件	滑雪板包	25
电工电气	电磁阀控制器	18
建筑材料	建筑用安全锁扣	21
发饰	发圈	20
厨房电器	电烤架	18
家用纺织品	一次性床单	25
汽车化学品及美容用品	车载除味离子器	20
婴儿用品	婴儿食品储存盒	22
办公家具及商业设备	验钞机	23
专业乐器	变调夹	21
宠物用品	宠物染毛笔	19
食品	猪油	21
餐具器具	调料架	26
汽车配件	转向节主销	20
餐具器具	菜刀	26
电子配件	显卡支架	20
健康用品	术后提拉面罩	25
手动工具及配件	车刀	20
健康用品	皮肤镜	22
建筑材料	紧固垫圈	19
卫浴	反渗透过滤器	20
汽车配件	机油滤清器垫片	20
卫浴	水表	20
建筑材料	紧固件套装	21
配饰	项坠表	20
卫浴	温控器	20
专业乐器	钢舌鼓	21
软体家具	无骨架沙发	20
体育用品	钓鱼抄网	25
食品	卷心菜卷	21
办公用品	绘画洗笔筒	24
食品	饼	21
餐具器具	按压瓶	26
体育用品	车把堵头	25
汽车配件及改装件	应急电源	20
卫浴	淋浴地漏	20
宠物用品	鸟用头盔	19
手动工具及配件	测量探头	20
运动配件	单板固定器	25
体育用品	气枪武器	25
手工制品	刺绣套装	23
家居清洁用品	首饰清洁剂	23
体育用品	羽毛球	25
食品	糖果	21
建筑材料	冷沥青	21
玩具	儿童桌游	24
厨房电器	饮料塔	18
汽车配件	曲轴箱垫片	20
成人用品	情趣长筒袜	25
运动配件	滑雪杖	25
食品	干海鲜	21
宠物用品	宠物救生衣	19
手动工具及配件	楼梯扶手	20
手工制品	钻石画	23
美妆	纹身线袋	25
园艺设备	谷物粉碎机	23
运动配件	运动密封剂	25
软体家具	扶手椅	20
小型家具	儿童桌	20
节庆用品	气球打气筒	26
办公用品	便签立架	24
宗教与玄学	宗教蜡烛	25
手动工具及配件	测力计	20
办公用品	记号笔	24
餐具器具	柠檬压汁器	26
交通工具	工程机械属具	18
餐具器具	便当包	26
食品	花生酥	21
汽车配件及改装件	雨刷臂接口	20
美妆	口红盒	25
食品	大米花	21
电工电气	电气柜锁	21
健康用品	隐形眼镜护理液	25
配饰	行李箱配件	20
节庆用品	烟花	26
美妆	美甲粉	25
汽车配件及改装件	保险杠开孔器	20
玩具	遥控玩具	24
保险	健康保险	21
电子配件	带支架手机壳	22
摩托车用品	船艇护理用品	20
美妆	美容微针滚轮	25
美妆	须后润肤霜	25
美妆	双眼皮贴	25
健康用品	医用口罩	25
汽车配件	转向拉杆	20
食品	豌豆片	21
体育用品	旅行酒精炉	25
健康用品	卫生用品	25
运动营养品及化妆品	运动营养品及化妆品	23
食品	格式香肠	21
摩托车用品	摩托车挡泥板	20
餐具器具	竹签	26
车辆蓄电池	摩托车电池	20
办公用品	装订机	24
装修材料	地板压条	20
宠物用品	鸟用脚环	19
服装	套装	20
手工制品	行数计数器	23
成人用品	情趣短裤	25
办公用品	收藏夹	24
宠物用品	宠物雨衣	19
运动营养品及化妆品	抗氧化剂	23
婴儿内衣	婴儿保暖短裤	20
美妆	月经杯	25
食品	造型巧克力	21
智能家居与安防	非可视对讲门铃	20
内衣	长筒袜	20
食品	面包	21
建筑材料	保温材料	21
宠物用品	养殖灯	19
家用电器	厨房温度计	18
婴儿用品	瓶子把手	22
运动配件	马鞍	25
宠物用品	养蜂工具	19
成人用品	情趣玩具配件	25
摩托车用品	摩托艇拖车	20
节庆用品	狂欢节装扮套装	26
宠物用品	宠物包套	19
珠宝饰品	银离子发生器	17
食品	谷物豆类混合	21
汽车化学品及美容用品	汽车润滑脂	20
装修材料	液体壁纸添加剂	20
摄影器材	闪光灯	20
健康用品	气管切开管	25
美妆	假睫毛	25
饰品	首饰配件	17
配饰	背包手推车	20
健康用品	针式涂抹器	25
交通工具	摩托车	18
体育用品	户外折叠桌	25
电工电气	投光灯	21
汽车配件	变速器皮带	20
车载电子	抬头显示器	20
餐具器具	手提秤	26
成人用品	情趣腿环	25
园艺工具及灌溉用品	摘果器	20
健康用品	脚掌垫	25
汽车配件	燃油泵配件	20
卫浴	水槽托盘	20
家居装饰品	海报框	25
餐具器具	奶酪模具	26
家居装饰品	纪念马蹄铁	25
汽车配件	散热器盖	20
电子配件	抽油烟机配件	22
美妆	粉底液	25
帽类	防风面罩	20
办公用品	印油	24
食品	饮料浓缩液	21
食品	烤饼	21
烟具	烟斗滤芯	22
办公用品	彩纸	24
图书与光盘	二手书	21
珠宝饰品	珠宝项链	17
运动服装	骑行背心	20
服装	牛仔紧身裤	20
宠物用品	宠物饮料	19
电动工具及设备	电动铁皮剪	20
房地产	公寓	12.5
卫浴	浴缸屏风	20
发饰	美发夹	20
宠物用品	宠物复方药剂	19
体育用品	健身凳	25
运动配件	裁判用红黄牌	25
烟具	手卷烟丝	22
影音设备	卫星天线调试仪	22
服装	风衣	20
玩具	画板	24
家用电器	挂烫机	18
婴儿用品	新生儿沐浴包	22
食品	蜜饯坚果	21
健康用品	鼻腔喷雾	25
园艺工具及灌溉用品	除草器	20
烟具	水烟集油器	22
摩托车用品	摩托车发电机	20
家居用品	清洁刷	23
宠物用品	狗咬玩具	19
体育用品	旱地滑雪板挡泥板	25
建筑材料	耗材	21
婴儿内衣	连体衣延长带	20
婴儿食品	儿童奶昔	20
健康用品	半码垫	25
运动营养品及化妆品	电解质饮料	23
食品	荞麦	21
摄影器材	水下相机	18
汽车配件	车门闭锁器	20
体育用品	把套	25
电子配件	摄像机支架	20
服装	骑行裤	20
美妆	眉笔削笔刀	25
手工制品	缝纫机针	23
健康用品	手杖	25
健康用品	超声波医疗器械洗涤器	25
体育用品	头盔内衬帽	25
运动配件	缰绳	25
成人用品	肛门塞	25
美妆	纹身针	25
办公家具及商业设备	商品柜台	20
宠物用品	鱼缸	19
帽类	头巾帽	20
摄影器材	相机锂电池	20
健康用品	医用支具与护具	25
食品	冻干浆果	21
装修材料	马赛克瓷砖	20
柜类家具及储物家具	展示柜配件	20
健康用品	压力背心	25
食品	坚果糖	21
装修材料	油漆调色	20
药品	药品	22
汽车配件	制动卡钳	20
汽车化学品及美容用品	汽车冷焊剂	20
婴儿用品	儿童安全座椅	22
手工制品	毛球制作器	23
家用电器	挂烫机衣架	18
厨房电器	搅拌器	18
电工电气	电缆牵引器	21
运动服装	运动马甲	20
烟具	雪茄保湿盒	22
汽车配件	制动系统导管	20
运动配件	护肘	25
健康用品	雾化器	22
手动工具及配件	磁性拾取器	20
药品	皮肤病药物	22
工作服及防护用品	防护眼镜	23
园艺工具及灌溉用品	水泵进水管	23
汽车化学品及美容用品	研磨抛光膏	20
婴儿服装	婴儿鞋	21
图书与光盘	教科书	21
收纳	真空压缩袋	24
手工制品	工艺配件	23
办公用品	史莱姆胶水	24
体育用品	头盔螺栓	25
汽车配件	汽车轮毂轴承	20
餐具器具	塑料保鲜盒	26
电子配件	手机支架	22
宠物用品	宠物牙膏	19
园艺用品	排水管	25
婴儿服装	婴儿洗礼裙	21
园艺工具及灌溉用品	水泵止回阀	23
彩票	彩票	10
宠物用品	猫砂	19
体育用品	自行车齿轮	25
美妆	修脚钳	25
露营及休闲用品	馕坑配件	25
内衣	吊袜带	20
体育用品	自行车轮组	25
体育用品	杆头保护套	25
健康用品	手指夹板	25
汽车配件	调整垫片	20
气候电器	空气净化器	18
餐具器具	醒酒瓶	26
运动配件	脚踝绑带	25
办公家具及商业设备	衣架杆	20
成人用品	情趣套装	25
运动营养品及化妆品	运动糖浆	23
汽车配件	转向柱	20
园艺用品	土壤加热系统	25
鞋类配件	鞋楦	17.5
食品	甜羹	21
电动工具及设备	焊台	20
宠物用品	笼子罩	19
露营及休闲用品	折叠躺椅	25
健康用品	残疾人淋浴间	25
汽车配件	空气泵	20
汽车配件	凸轮轴润滑系统	20
电子配件	充电头	22
食品	马卡龙	21
卫浴	砂石过滤器	20
体育用品	投掷斧	25
影音设备	AV功放	22
摄影器材	视频信号延长器	20
婴儿用品	婴儿暖水袋	22
办公家具及商业设备	办公椅气压杆	20
餐具器具	纪念餐具	26
办公用品	白板架	24
办公用品	文具剪刀	24
体育用品	路亚饵	25
运动配件	护腿板扣	25
体育用品	滑板车前叉	25
运动配件	马蹄垫	25
专业乐器	卡巴萨	21
美妆	化妆镜	25
汽车配件及改装件	龙骨滚轮	20
汽车配件及改装件	行李网	20
智能家居与安防	安防电源	20
手动工具及配件	砂纸海绵	20
手动工具及配件	冲子	20
汽车配件	燃油滤清器	20
婴儿用品	婴儿床围栏	22
美妆	美甲美睫支架	25
电脑外设及配件	触摸板	20
汽车配件及改装件	汽车干燥器	20
汽车配件	气缸套	20
宠物用品	宠物胸背带替换内衬	19
食品	火腿	21
建筑材料	金属管	21
彩票	彩票票券	10
节庆用品	雨丝彩带	26
餐具器具	虹吸壶	26
装修材料	挂锁	20
办公用品	文件托盘	24
餐具器具	摩卡咖啡壶	26
汽车配件	汽车冷却水泵	20
汽车配件	分动箱	20
玩具	忙碌板	24
厨房电器	电饭煲配件	18
园艺设备	集草袋	23
建筑材料	碎石	21
餐具器具	滤茶袋	26
家居装饰品	永生花	25
运动配件	枪械润滑油	25
餐具器具	上菜篮	26
露营及休闲用品	桑拿扫帚	25
装修材料	吊顶连接件	20
玩具	玩具枪子弹	24
摩托车用品	摩托车尾箱	20
建筑材料	美纹纸	21
专业乐器	钢琴凳	21
成人用品	成人用品	25
园艺用品	户外灯具支架	25
食品	康普茶浓缩液	21
车载电子	汽车报警器	20
婴儿用品	婴儿换尿布台	22
园艺工具及灌溉用品	自动浇水系统及配件	25
电子配件	电视天线	22
帽类	贝雷帽	20
厨房电器	棉花糖机	18
成人用品	情趣领带	25
配饰	太阳镜	20
体育用品	雪橇	25
摩托车用品	电动车	18
运动配件	马蹄护具	25
电脑及笔记本	移动固态硬盘	16.5
餐具器具	隔热垫	26
影音设备	蓝光播放机	22
体育用品	跳箱	25
园艺设备	割草机皮带	23
电子配件	电视背光灯带	22
电动工具及设备	砂浆喷涂机	20
婴儿服装	儿童牛角扣大衣	21
汽车配件	拉索传动	20
宗教与玄学	长明灯	26
美妆	美甲木棒	25
婴儿用品	防撞角	22
手动工具及配件	角磨机切片	20
车载电子	车载低音炮	20
办公家具及商业设备	珠宝秤	23
电动工具及设备	气动除锈机	20
图书与光盘	房屋设计图	21
节庆用品	旗杆	26
食品	麻花	21
婴儿用品	婴儿车维修配件	22
汽车配件	汽车法兰盘	20
照明设备	台灯	24
家用纺织品	桌垫	25
食品	鲜奶酪	21
手动工具及配件	无人机探测仪	20
运动配件	钓鱼夹	25
工作服及防护用品	一次性材料套装	23
汽车配件及改装件	出租车计价器	20
配饰	暖手筒	20
美妆	填充化妆盘	25
露营及休闲用品	露营及休闲用品	25
汽车配件及改装件	窗户清洁系统	20
体育用品	防弹服	21
餐具器具	漏勺	26
大家电	电磁炉/电陶炉	17
园艺工具及灌溉用品	劈斧	20
珠宝饰品	首饰制作工具	17
软体家具	懒人沙发填充物	20
服装	睡袍	20
建筑材料	防水材料	21
汽车配件	传动轴总成	20
露营及休闲用品	淋浴装置	25
食品	鸡块	21
园艺用品	栽培基质	25
工作服及防护用品	工作服大褂	25
手动工具及配件	角磨机附件	20
手动工具及配件	木工铅笔	20
汽车配件	节气门位置传感器	20
办公家具及商业设备	底座固定系统	20
图书与光盘	U盘介质	21
体育用品	单筒望远镜	25
运动服装	运动秋裤	20
婴儿用品	安抚奶嘴	22
电子配件	电源适配器	20
餐具器具	炸篮	26
宠物用品	动物用橡皮筋	19
婴儿用品	围兜	22
成人用品	肛门珠	25
内衣	泳装	20
食品	烘焙套装	21
运动鞋	双板滑雪靴	17
手工制品	液态珍珠	23
汽车配件	点火开关	20
建筑材料	夹芯板自攻螺丝	21
摩托车用品	摩托车辐条	20
园艺用品	装饰花盆	25
美妆	卸甲水	25
玩具	儿童秋千	24
配饰	充电线收纳盒	20
汽车配件及改装件	保险杠护板	20
气候电器	干手器	18
体育用品	钓鱼夹具头	25
工作服及防护用品	可重复使用口罩	23
食品	冰鲜禽肉	21
汽车配件	驱动轴	20
鞋类配件	鞋膏	17.5
体育用品	平衡板	25
餐具器具	烹饪袋	26
园艺用品	草坪草种及绿肥	25
智能家居与安防	智能开关及继电器	20
摩托车用品	摩托车润滑油	20
卫浴	毛巾加热架	20
配饰	臂环	20
体育用品	冰钻刀	25
婴儿用品	婴儿纸尿裤	22
婴儿用品	餐椅罩	22
宠物用品	宠物奶瓶	19
家居装饰品	套娃	25
食品	小面包圈	21
婴儿用品	床帷	22
露营及休闲用品	帐篷及凉亭	25
鞋类配件	鞋油	17.5
气候电器	热水器	18
婴儿服装	儿童外套	21
汽车配件	钢板弹簧	20
婴儿食品	母乳替代品	20
食品	肉蔬罐头	21
手工制品	手工艺品用绳	23
摩托车用品	摩托车气缸	20
体育用品	拳击手靶	25
体育用品	体育梯	25
玩具	娃娃婴儿车	24
家居装饰品	带框海报	25
家居清洁用品	电器清洁剂	23
婴儿用品	婴儿车遮阳帘	22
园艺用品	户外花盆	25
手动工具及配件	预热台	20
宠物用品	爬宠食盆	19
汽车化学品及美容用品	轮胎黑化剂	20
办公用品	桌面文具套装	24
运动服装	运动短上衣	20
电子配件	放大镜灯	20
专业乐器	按键手风琴	21
食品	冷冻披萨	21
办公家具及商业设备	修脚椅	20
成人用品	情趣桌游	25
酒类	鸡尾酒	21
健康用品	芥末贴	25
卫浴	地暖	20
食品	大麦片	21
家用纺织品	床上用品	25
手工制品	布料标记笔	23
卫浴	毛巾架配件	20
汽车配件	离合器助力器	20
体育用品	自行车	25
手动工具及配件	工业轮	20
美妆	甲油打底胶	25
摩托车用品	雪地摩托移动架	20
卫浴	淋浴盘	20
宠物用品	去底绒梳	19
摄影器材	相机镜头	20
手工制品	花艺胶带	23
汽车配件	纵梁	20
鞋类配件	鞋内衬	17.5
美妆	美甲胶水	25
成人用品	情趣连体衣	25
电子配件	耳机保护套	22
运动配件	马肚带	25
工作服及防护用品	工作T恤	25
服装	套头卫衣	20
鞋类	平底棉靴	17
食品	早餐谷物	21
汽车配件	汽车空调压缩机	20
电子配件	VR眼镜	22
婴儿用品	婴儿监视器	22
烟具	打火机套	22
手动工具及配件	风速计	20
手工制品	铆钉	23
宠物用品	水草肥	19
专业乐器	钹	21
健康用品	睡眠矫正设备	25
餐具器具	肉钩	26
装修材料	墙板配件	20
汽车配件	汽车座椅	20
园艺工具及灌溉用品	喷雾器	17
汽车配件及改装件	密度计	20
宠物用品	宠物消毒液	19
体育用品	踏板钉	25
餐具器具	面条机	26
食品	甜甜圈	21
收纳	门后挂钩	24
家居用品	菜板保养油	23
电工电气	铜排	21
食品	糖	21
健康用品	牙套蜡	25
轮胎及轮毂	汽车轮胎	18
汽车配件	电缆桥架	20
办公设备	碎纸机	21
建筑材料	金属角铁	21
美妆	漱口水	25
办公用品	毫米方格纸	24
厨房电器	奶泡器	18
婴儿内衣	婴儿中筒袜	20
食品	腿肉	21
健康用品	眼科镜片	25
办公用品	纸板	24
电子配件	冰酒器	18
美妆	足浴袋	25
装修材料	防滑条	20
食品	水果罐头	21
婴儿内衣	婴儿泳裤	20
宠物用品	驱虫滴剂	19
食品	蛋挞皮	21
卫浴	管道隔热材料	20
汽车配件	风扇电机	20
手工制品	彩沙	23
宠物用品	虹吸饮水器	19
建筑材料	砂浆	21
手动工具及配件	石材夹	20
卫浴	水龙头	20
餐具器具	锅具套装	26
餐具器具	冰淇淋模具	26
园艺用品	玻璃微景观	25
运动配件	自行车包	25
婴儿服装	婴儿七分裤	21
体育用品	气枪	25
卫浴	通风系统风扇	20
美妆	香水	25
汽车配件	机油滤清器	20
运动鞋	钢管舞鞋	17
厨房电器	多功能早餐机	18
露营及休闲用品	桑拿房配件	25
节庆用品	礼品蝴蝶结	26
电子配件	其他电视配件	22
餐具器具	吧台柜	26
运动鞋	潜水袜	17
家用纺织品	楼梯垫	25
体育用品	磨刀工具	25
成人用品	情趣面具	25
婴儿配件	婴儿脖套	19
汽车配件	预热塞	20
体育用品	巧粉	25
体育用品	电动自行车	18
餐具器具	保温杯	26
婴儿用品	儿童急救包	22
手工制品	手工皮料	23
摩托车用品	摩托车点火线圈	20
婴儿服装	儿童百慕大短裤	21
家居用品	马桶刷	23
餐具器具	气泡弹	26
家居用品	熨衣板	23
卫浴	前置过滤器	20
体育用品	重力靴	25
办公用品	装订封面	24
健康用品	电动轮椅	25
电工电气	LED灯带放大器	18
体育用品	瑜伽垫绑带	25
食品	挂耳咖啡	24
美妆	化妆笔	25
办公用品	胶带座	24
建筑材料	软管夹	21
汽车配件	纵轴	20
家居用品	簸箕	23
运动配件	鱼竿套	25
厨房电器	电热棒	18
电脑及笔记本	内存条	16.5
运动服装	运动开衫	20
手工制品	衬布	23
配饰	装饰眼镜	20
食品	仙人掌	21
汽车配件及改装件	座椅背收纳袋	20
露营及休闲用品	桑拿配件套装	25
运动配件	体育手套	25
手工制品	人体模型	23
婴儿服装	儿童斗篷	21
食品	薄饼	21
汽车配件及改装件	路标	20
家居清洁用品	洗碗机专用粉	23
美妆	美发工具架	25
大家电	迷你冰箱	17
宠物用品	宠物牙刷	19
电子配件	天线电源	18
美妆	牙刷	25
厨房电器	空气质量检测仪	18
餐具器具	保鲜袋	26
气候电器	暖风机	18
办公用品	塑封膜	24
运动配件	滑雪蜡	25
烟具	水烟铝箔	22
手动工具及配件	十字镐	20
美妆	面霜	25
露营及休闲用品	燃料块	25
运动鞋	攀岩鞋	17
汽车配件	风扇温控开关	20
服装	百慕大短裤	20
宠物用品	宠物窝	19
园艺工具及灌溉用品	耙子	20
厨房电器	电热茶壶	18
园艺工具及灌溉用品	除雪锹	20
酒类	阿夸维特	21
婴儿用品	婴儿毛毯	22
婴儿用品	学步带	22
手工制品	松紧带	23
餐具器具	锯骨机	26
帽类	军帽	20
窗帘及配件	帘头	24
建筑材料	角码	21
成人用品	BDSM床单	25
柜类家具及储物家具	柜门	20
家用纺织品	餐巾环	25
餐具器具	吸管勺	26
服装	防风夹克	20
厨房电器	奶油分离器	18
婴儿服装	婴儿运动背心	21
运动配件	运动包	25
汽车配件	离合器改装套件	20
体育用品	哑铃	25
餐具器具	吊锅	26
婴儿用品	新生儿仿生床	22
露营及休闲用品	便携蒸汽浴房	25
汽车配件及改装件	汽车磁性遮阳罩	20
装修材料	石塑地板	20
服装	马甲	20
厨房电器	电动榨汁机	18
婴儿食品	婴儿果泥	20
汽车配件	转向球头	20
汽车化学品及美容用品	防石击涂层	20
运动服装	骑行保暖长裤	20
体育用品	打火石	25
运动服装	运动长袍	20
餐具器具	调酒套装	26
成人用品	尿道探条	25
汽车配件	机油压力传感器	20
手动工具及配件	砂轮	20
婴儿内衣	婴儿保暖长袖衫	20
烟具	水烟网	22
露营及休闲用品	木柴	25
汽车配件	天窗滑动板	20
美妆	精油	25
花园家具	休闲椅	20
婴儿用品	儿童防走失手腕带	22
美妆	香氛精油	25
建筑材料	镀锌板	21
宗教与玄学	圣水容器	25
露营及休闲用品	炭火烤架	25
食品	食用种子	21
美妆	发油	25
运动配件	瑜伽毯	25
宠物用品	导线	19
卫浴	燃气及燃料锅炉	18
建筑材料	栅栏紧固件	21
服装	长袖T恤	20
办公用品	字母数字贴	24
婴儿用品	婴儿枕头	22
运动配件	马鞭	25
美妆	剃须套装	25
办公用品	文具架	24
手动工具及配件	卡簧钳	20
美妆	封层胶	25
美妆	护肤精华乳	25
个护健康	化妆品迷你冰箱	18
园艺设备	园林设备发动机	17
家居用品	熨烫垫	23
美妆	固色发膜	25
办公设备	碳粉	21
工作服及防护用品	一次性上衣	23
厨房电器	电烤串机	18
家居装饰品	室内温度计	25
个护健康	理发器	18
摄影器材	静物拍摄台	20
配饰	剪刀套	20
美妆	浴用乳霜	25
网络设备	Mesh路由系统	19.5
园艺用品	白涂剂与园艺膏	25
汽车配件及改装件	车载杯	20
体育用品	普拉提配件	25
健康用品	刮痧板	25
手动工具及配件	油锯附件	20
药品	眼耳药物	22
园艺设备	割草机线盘	23
园艺用品	泥炭土	25
影音设备	智能音箱	18
食品	黑麦片	21
婴儿内衣	婴儿保暖袜	20
健康用品	感统训练器材	25
婴儿用品	尿布处理器	22
婴儿用品	婴儿被	22
园艺工具及灌溉用品	园艺护膝	20
食品	粗粒小麦粉	21
电子配件	灯光追踪器	18
体育用品	高尔夫球	25
摄影器材	数码相框	20
工作服及防护用品	安全帽	23
智能家居与安防	紧急报警按钮	20
汽车配件及改装件	其他汽修工具	20
露营及休闲用品	燃气烤炉配件	25
婴儿食品	儿童果汁	20
车载电子	汽车氛围灯	20
园艺工具及灌溉用品	户外刷	20
饰品	胸花	17
美妆	指甲油瓶夹	25
食品	饮用水	21
食品	虾	21
食品	碳酸饮料	21
家居清洁用品	防霉剂	23
宠物用品	狗链	19
食品	固体饮料	21
餐具器具	份数盆盖	26
露营及休闲用品	泳池扶梯	25
露营及休闲用品	桑拿墙板	25
建筑材料	绳顶针	21
电子配件	投影仪保护套	25
建筑材料	腻子	21
电动工具及设备	空压机	20
体育用品	滑板车配件	25
运动配件	哨绳	25
汽车配件	防溅油罩	20
家居用品	湿厕纸	23
体育用品	刹车蹄块	25
手动工具及配件	噪音计	20
宠物用品	宠物航空箱配件	19
内衣	护腿带	20
健康用品	压缩短裤	25
手工制品	缝纫边条	23
体育用品	V刹	25
体育用品	安全保护用品	25
汽车配件及改装件	汽车框架	20
办公用品	文具刀	24
家居清洁用品	衣物柔顺剂	23
园艺工具及灌溉用品	蜂箱	20
露营及休闲用品	桑拿装饰摆件	25
汽车配件	油箱部件	20
办公家具及商业设备	沙发机械装置	20
服装	女式针织衫	20
家居用品	衣服粘毛器	23
手工制品	折痕板	23
智能家居与安防	智能家居系统	20
食品	奶粉替代品	21
汽车配件	汽车方向盘	20
宠物用品	宠物吹风机	19
手动工具及配件	螺纹修复工具	20
配饰	手包	20
电子配件	无人机相机	18
食品	藜麦	21
运动配件	滑雪杖手柄	25
体育用品	自行车线管	25
运动配件	战术腰封	25
园艺用品	门牌标牌	25
美妆	防溢乳垫	25
汽车配件及改装件	车载吸尘器	20
园艺用品	植物防寒布	25
汽车配件	传动皮带	20
家用纺织品	家用纺织品	25
餐具器具	肉锤	26
家居用品	晾衣夹	23
园艺用品	户外灯	25
电子配件	3D眼镜	20
食品	牛奶	21
手动工具及配件	冲击钻头	20
汽车配件	控制装置	20
露营及休闲用品	烧烤架	25
家居清洁用品	吸湿除臭剂	23
体育用品	碗组配件	25
餐具器具	茶包架	26
宠物用品	鱼缸灯	19
汽车配件	横梁	20
园艺用品	花园步道模具	25
家居清洁用品	清洁喷雾	23
体育用品	橡皮艇修理包	25
运动配件	皮草马鞍垫	25
婴儿内衣	婴儿袜	20
园艺用品	花坛	25
汽车配件	雾灯	20
成人用品	情趣拍板	25
装修材料	室内拱门	20
轮胎及轮毂	气门嘴帽	20
办公用品	标签清除剂	24
手工制品	粘合衬	23
柜类家具及储物家具	置物架	20
建筑材料	地毯垫	21
小型家具	餐桌椅套装	20
园艺设备	高压清洗机	17
宠物用品	宠物香氛	19
办公家具及商业设备	沙发套固定夹	20
园艺用品	育苗标签	25
手动工具及配件	开孔器	20
交通工具	硬壳艇	18
美妆	化妆海绵	25
美妆	泥膜面膜	25
卫浴	淋浴系统和配件	20
体育用品	虾笼渔网	25
园艺设备	高压清洗机软管	23
餐具器具	长柄锅	26
个护健康	美容消毒器	18
美妆	卸妆油	25
运动配件	射击用耳机	25
汽车配件	桥壳	20
服装	大衣	20
手动工具及配件	梯子	20
玩具	预制模型	24
手动工具及配件	水平尺	20
小型家具	酒吧台	20
房地产	房地产	12.5
电子配件	智能眼镜	17
园艺用品	户外蜡烛	25
宠物用品	滤材网袋	19
厨房电器	煮蛋器	18
电脑外设及配件	游戏方向盘	20
厨房电器	焦糖喷枪	18
食品	油炸面包块	21
餐具器具	烧烤炉支架	26
服装	长袍	20
健康用品	急救箱	25
办公用品	装订线圈	24
汽车化学品及美容用品	玻璃水	20
照明设备	LED面板灯	24
婴儿用品	餐椅配件	22
汽车配件及改装件	水上设备保护套	20
汽车配件	悬挂部件	20
玩具	玩具手电筒	24
餐具器具	蒸架	26
个护健康	剃须刀片	18
办公家具及商业设备	扭蛋机	23
体育用品	运动手电筒	25
餐具器具	烹饪模具	26
汽车配件	增压进气管	20
玩具	婴儿挂饰	24
机油及工业油液	变速箱油	20
餐具器具	甜品杯	26
电动工具及设备	瓷砖切割机	20
婴儿用品	儿童降噪耳机	22
园艺用品	驱鼠剂	25
手动工具及配件	雕刻机配件	20
婴儿服装	儿童长衬衣	21
照明设备	射灯	24
体育用品	运动绷带	25
宠物用品	舔砖架	19
鞋类配件	防磨脚贴	17.5
婴儿用品	尿布用吸水垫	22
专业乐器	中东鼓	21
节庆用品	鲜花花束	26
婴儿配件	婴儿遮阳帽	19
餐具器具	防溅网罩	26
汽车配件	汽车刹车盘	20
汽车配件	刹车套装	20
厨房电器	多功能烤盘面板	18
内衣	肩带	20
餐具器具	芝士火锅	26
家居用品	浴室支架	23
家居装饰品	玻璃罩	25
健康用品	儿童牙龈凝胶	25
装修材料	装饰贴片	20
汽车配件	传动轴	20
餐具器具	非聚合物饭盒	26
体育用品	鱼饵	19
宠物用品	宠物指甲套	19
体育用品	敏捷训练梯	25
健康用品	医用棉	25
药品	维生素及矿物质补充剂	22
服装	斗篷外套	20
宠物用品	鱼缸刮藻刀	19
手动工具及配件	抹灰尺	20
专业乐器	电吉他	21
大家电	冷藏展示柜	17
汽车配件	预热塞控制单元	20
汽车配件及改装件	大灯调平器	20
内衣	腿环	20
家用电器	电蚊拍	18
游戏机与游戏	手柄配件	19
运动服装	运动九分裤	20
建筑材料	墙板卡扣	21
汽车配件及改装件	换挡手球	20
汽车配件及改装件	广角镜	20
花园家具	藤编沙发	20
窗帘及配件	百叶窗	24
影音设备	Hi-Fi功放	22
鞋类配件	鞋袋	17.5
汽车配件及改装件	便携工作灯	20
家居清洁用品	洗衣凝珠	23
电脑及笔记本	电脑及笔记本	16.5
配饰	卡夹	20
体育用品	鱼护	25
美妆	牙线	25
体育用品	滚动轴承	25
手动工具及配件	珩磨头	20
家居装饰品	彩蛋纪念品	25
食品	干冰	21
宠物用品	宠物衬衫	19
汽车配件	主减速器齿轮	20
餐具器具	裱花袋	26
手动工具及配件	油漆刷	20
宠物用品	动物膏药	19
运动配件	运动指套	25
汽车配件及改装件	信号灯	20
轮胎及轮毂	轮胎修理配件	20
轮胎及轮毂	轮胎及轮毂	20
配饰	皮带	20
发饰	运动发带	20
家居用品	纸巾分配器	23
手动工具及配件	喷枪	20
装修材料	石膏线	20
建筑材料	固定支架	21
美妆	盒装剃须刀片	25
园艺用品	植物种植套装	25
摩托车用品	摩托车发动机垫片	20
家居装饰品	金属风铃	25
运动鞋	运动鞋	17
餐具器具	面包烤盘	26
食品	炸奶酪	21
汽车配件及改装件	闪光警示灯	20
健康用品	抗菌治疗用品	25
汽车配件及改装件	车载支架	20
收纳	光盘收纳盒	24
运动配件	滑雪板固定器	25
美妆	剃须刀片磨刀器	25
鞋类配件	鞋用保养油	17.5
食品	酥皮点心	21
办公家具及商业设备	商店镜子	20
电脑及笔记本	移动硬盘	20
体育用品	健身踏板	25
节庆用品	一次性餐具	26
体育用品	踏板转速传感器	25
健康用品	防辐射产品	25
餐具器具	烹饪针	26
装修材料	地垫	20
鞋类配件	鞋用橡皮擦	17.5
露营及休闲用品	火柴	25
办公设备	不间断电源	21
成人用品	假阴茎套	25
宠物用品	育雏箱	19
食品	螺旋藻	21
个护健康	美甲打印机	18
家用纺织品	走廊地毯	25
建筑材料	弧形扣板	21
卫浴	热水器配件	20
美妆	画眉膏	25
手动工具及配件	丝锥扳手	20
电子配件	盐度计	18
体育用品	自行车水壶	25
美妆	眼线液	25
健康用品	卧床病人用便盆	25
手工制品	手工锥子	23
体育用品	舞蹈把杆	25
内衣	束胸衣	20
柜类家具及储物家具	大木箱	20
体育用品	水壶架	25
游戏机与游戏	游戏卡带	19
宠物用品	宠物指甲锉	19
健康用品	医用助行器	25
体育用品	健身锤	25
健康用品	假肢及配件	25
宠物用品	驱狗器	19
收纳	奖牌挂架	24
运动服装	滑雪夹克	20
手工制品	手工制品	23
家用电器	新风系统	18
电工电气	微电子放大器	21
健康用品	失禁垫	25
手动工具及配件	螺旋钻配件	20
建筑材料	屋顶曝气机	21
收纳	储物盒	24
柜类家具及储物家具	儿童置物架	20
体育用品	自行车配件	25
鞋类	凉拖	17
珠宝饰品	珠宝项链链	17
健康用品	血压计	22
电脑外设及配件	鼠标垫	20
手动工具及配件	手动试压泵	20
婴儿配件	婴儿头盔帽	19
工作服及防护用品	防毒面具	23
健康用品	拐杖手柄垫	25
节庆用品	派对拉炮	26
食品	冰茶	21
个护健康	激光梳	18
餐具器具	送餐桶	26
露营及休闲用品	生物填料	25
汽车配件	火花塞电缆连接件	20
美妆	黑头贴	25
家用纺织品	坐垫	25
柜类家具及储物家具	斗柜	20
食品	蜜饯	21
办公用品	针管笔	24
婴儿用品	婴儿车脚踏板	22
露营及休闲用品	秋千靠枕	25
美妆	香皂	25
装修材料	木材染色剂	20
家居装饰品	香插	25
专业乐器	三角铁	21
图书与光盘	CD有声读物	21
配饰	其他箱包配件	20
汽车配件	发动机电气设备	20
园艺用品	花盆	25
家居用品	洗衣球	23
健康用品	医用纱布	25
食品	麦芽糊精	21
汽车配件	天窗升降板	20
美妆	手动剃须刀	25
园艺设备	动力钻	17
家居用品	塑料袋	23
电子配件	冰箱配件	22
露营及休闲用品	桑拿按摩器	25
电脑外设及配件	游戏耳机	20
婴儿用品	婴儿车配件	22
婴儿用品	婴儿车杯架	22
交通工具	特种车辆	18
家用电器	毛球修剪器	18
食品	葡萄叶包饭	21
婴儿食品	婴儿米粉	20
装修材料	家具漆	20
宠物用品	鱼缸隔离盒	19
健康用品	手术吸引器	25
食品	无酒精香槟	21
园艺用品	温室大棚膜	25
汽车配件	尾气净化系统	20
装修材料	定制窗户	20
发饰	发饰	20
手动工具及配件	电极	20
保险	金融风险保险	21
食品	薄皮包子	21
汽车配件	节温器垫片	20
摩托车用品	摩托车刹车盘	20
成人用品	情趣纪念品	25
烟具	水烟罩	22
汽车配件	化油器总成	20
鞋类	胶鞋	17
手工制品	手工材料包	23
露营及休闲用品	生态厕所清洁剂	25
电子配件	空调遥控器	18
婴儿用品	婴儿襁褓	25
配饰	领带套	20
办公用品	食谱本	24
卫浴	水管垫片	20
汽车配件	变速箱	20
内衣	沙滩短裤	20
厨房电器	食品加工机	18
汽车配件	稳定杆	20
家居用品	家务手套	23
餐具器具	挂面架	26
汽车配件	排气管尾喉	20
内衣	透明睡衣	20
家用纺织品	浴巾	25
餐具器具	咖啡具套装	26
食品	人造黄油	21
食品	鸡腿	21
电工电气	鳄鱼夹	21
家用纺织品	毛毯	25
汽车配件	稳定杆连杆	20
玩具	飞机模型	24
电动工具及设备	电刨	20
工作服及防护用品	医护连衣裙	25
食品	小圆面包	21
即食食品	开胃菜	21
电子配件	电动削笔器	18
食品	冷冻面团	21
体育用品	修刃器	25
婴儿服装	儿童风衣	21
家居清洁用品	玻璃清洁剂	23
手动工具及配件	油灰刀	20
办公用品	信息展示架	24
电子配件	NFC标签	20
酒类	卡沙夏	21
小型家具	凳子	20
玩具	叠叠乐	24
服装	无袖连衣裙	20
厨房电器	酸奶机	18
厨房电器	电汤锅	18
电子配件	平板触摸屏	22
装修材料	吊顶套装	20
健康用品	牙科设备	22
办公家具及商业设备	机箱支架	20
摩托车用品	摩托车骑行服	20
体育用品	雪地滑板	25
餐具器具	多层点心盘架	26
宠物用品	生态箱垫材	19
体育用品	车轮	25
柜类家具及储物家具	家具门板	20
美妆	有色香膏	25
园艺用品	鸟类喂食器	25
园艺用品	装饰石	25
玩具	玩具车	24
服装	儿童围裙	20
气候电器	除湿机	18
体育用品	刷轴	25
家居装饰品	相框	25
美妆	足部护理袜	25
家居用品	其他家居用品	23
汽车配件	杆密封垫	20
家居装饰品	卫生间标识牌	25
手动工具及配件	砂纸	20
汽车配件及改装件	活塞环压缩器	20
专业乐器	架子鼓	21
婴儿用品	婴儿被罩	22
运动配件	滑雪板刷子	25
运动配件	水勒	25
成人用品	情趣配重	25
手工制品	纸样	23
窗帘及配件	窗帘配件	24
食品	奶渣饼	21
美妆	化妆棉	25
电脑及笔记本	软件	16.5
婴儿服装	婴儿毛线衣	21
小型家具	水烟桌	20
餐具器具	烘焙容器	26
汽车配件	正时盖垫	20
手工制品	花样打孔机	23
影音设备	卫星信号转换器	22
体育用品	冰球装备袋	25
宠物用品	干草架	19
汽车配件	涡轮增压器垫片	20
电子配件	投影仪支架	22
体育用品	钓饵	25
工作服及防护用品	防护面罩	23
体育用品	儿童自行车辅助轮	25
数字商品	数字商品	25
美妆	蒸汽浴包	25
工作服及防护用品	一次性裤子	23
建筑材料	建筑胶合板	21
珠宝饰品	珠宝胸针	17
宠物用品	宠物喂食台	19
美妆	去角质剂	25
汽车配件	起动机	20
园艺用品	动物源肥料	25
个护健康	卷发棒	18
电动工具及设备	电钻	20
食品	麦片	21
工作服及防护用品	焊接护目镜	23
电动工具及设备	真空泵	20
装修材料	建筑喷雾剂	20
食品	食品	24
汽车配件及改装件	车载圣像贴	20
家用纺织品	门垫	25
药品	痔疮药	22
建筑材料	砖块	21
手动工具及配件	测距轮	20
成人用品	阴茎增大器	25
汽车化学品及美容用品	汽车密封胶	20
机油及工业油液	特种油	20
电子配件	转换插头	22
食品	食用油脂	21
食品	玉米糁	21
电子配件	吹风机风嘴	18
成人用品	情趣枕头	25
汽车配件	汽车格栅	20
玩具	益智玩具	24
手动工具及配件	划线绳	20
服装	婴儿洗礼服套装	20
健康用品	医用呼吸机	22
电子配件	液态纳米膜	22
手工制品	刺绣绷子	23
体育用品	磨边器	25
食品	小米片	21
体育用品	敲鱼棒	25
体育用品	渔轮配件	25
配饰	皮带扣	20
宠物用品	动物喂食器	19
个护健康	光疗仪	18
成人用品	阴茎假体	25
汽车配件及改装件	车用床垫	20
运动服装	保暖运动套装	20
手工制品	毛线	23
餐具器具	小砂锅	26
成人用品	情趣睡裙	25
节庆用品	礼品奖牌	26
运动配件	泳镜盒	25
体育用品	思维车	18
手动工具及配件	刮研刀	20
办公设备	3D打印机配件	21
内衣	塑身连体衣	20
运动配件	马鞍垫	25
宠物用品	动物香薰替换装	19
摩托车用品	其他雪地摩托配件	20
手动工具及配件	水平仪	20
图书与光盘	收藏书籍	21
手动工具及配件	胶棒	20
家用电器	电动食物加热器	18
园艺用品	营养土	25
专业乐器	响板	21
大家电	卧式冰柜	17
健康用品	正畸工具	25
汽车配件及改装件	润滑油加注泵	20
配饰	无指手套	20
厨房电器	电煎饼机	18
配饰	包带	20
摄影器材	照相机	18
智能手机及数码产品	SIM卡	22
节庆用品	婚戒垫	26
厨房电器	低温慢煮机	18
露营及休闲用品	烟熏炉	25
体育用品	运动网具	25
健康用品	康复训练器	25
食品	煎饼	21
电工电气	谐振器	21
电子配件	家用制冷剂	17
婴儿用品	床围栏	22
宠物用品	鱼缸冷水机	19
汽车配件	氙气包	20
帽类	保暖帽	20
宠物用品	宠物轮椅	19
服装	骑行紧身短裤	20
电动工具及设备	汽油切割机	20
食品	鹰嘴豆泥	21
汽车配件及改装件	拖车支轮	20
汽车化学品及美容用品	化油器清洁剂	20
园艺工具及灌溉用品	磁力清扫器	20
美妆	美妆贴纸	25
汽车配件及改装件	速度调节系统	20
园艺工具及灌溉用品	修枝剪	20
玩具	扭扭车	24
手动工具及配件	红外测温仪	20
婴儿用品	婴儿推车	22
汽车配件及改装件	发动机下护板	20
家居清洁用品	洗碗机软水盐	23
电脑及笔记本	游戏软件中心	20
专业乐器	吉他弦钮	21
婴儿用品	襁褓包巾	22
影音设备	激光投影仪	18
手工制品	肥皂切割器	23
体育用品	卡式炉	25
家用电器	擦窗机器人	18
配饰	裤脚带	20
个护健康	直发器	18
食品	肉馅	21
餐具器具	马克杯	26
办公家具及商业设备	家具千斤顶	20
汽车配件	燃油箱配件	20
园艺用品	种植箱	25
翻新设备	瑕疵品	21
家居用品	滤水壶滤芯	23
汽车配件	高压线	20
食品	无酒精葡萄酒	21
办公家具及商业设备	输送辊	23
食品	鸡肉馅饼	21
运动服装	跆拳道服	20
露营及休闲用品	泳池撇渣器	25
婴儿用品	玩具收纳盒	22
家用电器	液位指示器	18
手工制品	玩具配件	23
卫浴	通风管道	20
服装	短款外搭	20
运动配件	滑雪板套	25
运动服装	运动背心式文胸	20
食品	奶昔	21
汽车配件	汽车电阻器	20
手工制品	缝纫针	23
运动营养品及化妆品	蛋白华夫饼	23
玩具	电子绘图板	24
运动配件	雪板止滑器	25
体育用品	负重背心	25
汽车配件	机油冷却器密封垫	20
家居装饰品	火柴盒	25
手动工具及配件	铣刀	20
电子配件	电动剃须刀配件	18
美妆	口红	25
健康用品	机械按摩器	25
成人用品	情趣上衣	25
食品	咖啡饮料	21
园艺用品	草坪格栅	25
办公用品	喷绘笔	24
餐具器具	水桶保护套	26
婴儿用品	婴儿车脚套	22
摩托车用品	雪地摩托引擎盖	20
露营及休闲用品	吊椅	25
家居清洁用品	香薰袋	23
摄影器材	摄影灯	22
健康用品	眼部训练器	25
美妆	啫喱	25
电子配件	探鱼器	18
汽车配件及改装件	车内装饰	20
家居装饰品	仿真食品	25
专业乐器	号角	21
美妆	妆前乳	25
露营及休闲用品	桑拿手套	25
收纳	浴室收纳盒	24
收纳	抽屉分隔板	24
体育用品	滑板配件	25
手动工具及配件	磁化器	20
餐具器具	餐具衬垫	26
酒类	香槟	21
摄影器材	摄影箱	20
食品	芥末	21
体育用品	弩箭	25
食品	冷冻鱼	21
装修材料	插销	20
柜类家具及储物家具	展示柜	20
汽车配件	汽车配件	20
体育用品	水袋吸管	25
食品	蜂粮	21
运动配件	链条油	25
美妆	生理盐水	25
园艺设备	割草机刀片	23
露营及休闲用品	充气家具修补包	25
食品	调味料	21
宠物用品	鱼缸灯固定器	19
园艺工具及灌溉用品	园艺储水容器	25
卫浴	冲水按钮	20
摄影器材	柔光伞	20
电动工具及设备	扎口机	20
卫浴	浴缸和水槽塞	20
汽车配件	汽车门锁	20
汽车配件	水箱散热器	20
电子配件	头戴耳机	18
食品	罐头即食粥	21
卫浴	泵混装置	20
园艺工具及灌溉用品	犁	20
建筑材料	网格桥架	21
美妆	美黑霜	25
汽车配件及改装件	后备箱储物箱	20
家用电器	锁边机	18
装修材料	木材防腐油	20
美妆	护肤活性成分	25
建筑材料	钉子	21
食品	鹰嘴豆	21
专业乐器	口弦琴	21
体育用品	假饵	25
电工电气	便携灯	21
宠物用品	宠物护毛面膜	19
电动工具及设备	气动剪刀	20
园艺设备	葡萄压榨机	23
手动工具及配件	螺旋副	20
手动工具及配件	TORX扳手	20
装修材料	修复材料	20
汽车配件	轮毂	20
酒类	酒类	21
汽车配件	离合器拉线	20
个护健康	剃须刀网	18
家居用品	家用海绵	23
汽车配件及改装件	减速带	20
电动工具及设备	发电机运输架	20
食品	蟹钳	21
运动配件	耳塞	25
摄影器材	运动相机	20
餐具器具	研钵	26
电子配件	背夹充电宝	22
轮胎及轮毂	轮辋	20
建筑材料	屋顶自攻螺丝	21
办公设备	翻页笔	21
宠物用品	气泡石	19
手动工具及配件	气体检测仪	20
办公用品	放大镜镜片	24
健康用品	矫形器板材	25
办公家具及商业设备	家具腿	20
宠物用品	笼子托盘	19
宠物用品	项圈吊坠	19
建筑材料	大门	21
家居装饰品	照片冲印服务	25
餐具器具	切蛋器	26
体育用品	假饵套装	25
运动配件	架杆器	25
食品	龙须酥	21
体育用品	车把末端塞	25
玩具	玩具套装	24
餐具器具	餐叉	26
电工电气	断路器	21
运动配件	弹药包与弹药带	25
美妆	牙线架	25
装修材料	软木地板	20
装修材料	门套、门框及装饰线条	20
汽车配件	差速器配件	20
图书与光盘	法规汇编	21
大家电	抽油烟机	17
汽车配件	活塞环	20
电工电气	配电箱配件	21
建筑材料	栅栏网	21
卫浴	检修口盖板	20
摩托车用品	摩托车发动机边盖	20
内衣	保暖T恤	20
餐具器具	糖罐	26
电工电气	电表	18
健康用品	实验室离心机	22
配饰	领带	20
露营及休闲用品	自热食品加热包	25
厨房电器	披萨烤箱	18
玩具	玩具乐器	24
美妆	洗手液	25
美妆	睫毛眉部清洁液	25
宠物用品	水族箱软管连接器	19
汽车配件及改装件	橡胶滚轮	20
电工电气	导热硅脂	21
体育用品	球网袋	25
汽车配件	球头	20
睡眠家具	薄床垫	20
汽车配件	怠速调节器	20
汽车配件	刹车片磨损传感器	20
宠物用品	动物碗	19
体育用品	浮漂	25
食品	谷物奶昔	21
手工制品	蘑菇织绣工具	23
家用电器	灌装设备	18
餐具器具	杯子	26
婴儿服装	嘉年华儿童服装	21
装修材料	装饰线条	20
露营及休闲用品	桑拿帽	25
手动工具及配件	家用磁铁	20
食品	柠檬酸	21
餐具器具	冰箱手柄套	26
手工制品	缝纫机套	23
宠物用品	宠物马甲	19
家用电器	家用电器	18
食品	牛角包	21
婴儿配件	婴儿鸭舌帽	19
睡眠家具	行军床	20
美妆	纹身机连接线	25
体育用品	速度传感器	25
食品	速溶麦片	21
手工制品	裁缝尺	23
电动工具及设备	手摇绞盘	20
电工电气	家用接地套件	21
摩托车用品	摩托车用品	20
食品	蜂蜜饮料	21
办公家具及商业设备	封边带	20
美妆	去角质产品	25
玩具	小铲子	24
汽车化学品及美容用品	锁眼及玻璃除冰剂	20
节庆用品	充值卡	26
手工制品	珠子	23
汽车配件	发动机节温器	20
宠物用品	爬宠温度计	19
食品	格鲁吉亚酸奶	21
电子配件	防浪涌插座	20
图书与光盘	创意笔记本	21
美妆	睫毛打底液	25
烟具	电子烟	22
家居装饰品	家居装饰品	25
帽类	棒球帽	20
运动配件	护腕	25
专业乐器	乐器配件	21
酒类	苦艾酒	21
服装	连体裤	20
体育用品	自行车辐条	25
美妆	爽肤水	25
配饰	遥控器保护套	20
运动配件	鱼钩支架	25
玩具	惊喜玩具	24
露营及休闲用品	户外洗手池	25
内衣	保暖内裤	20
车载电子	摩托车行车记录仪	20
柜类家具及储物家具	嵌入式衣架	20
美妆	磨脚石	25
专业乐器	口琴	21
体育用品	滑板车砂纸	25
运动配件	伪装服	25
烟具	雪茄托	22
轮胎及轮毂	农用轮胎	20
摩托车用品	摩托车减震器	20
烟具	水烟嘴	22
汽车配件及改装件	车顶行李箱	20
宠物用品	喂鸟器针管	19
运动营养品及化妆品	蛋白粉	23
家居装饰品	壁炉装饰门	25
体育用品	健身器材	25
鞋类配件	鞋垫	17.5
运动营养品及化妆品	运动药膏	23
家居用品	浴帽	23
运动配件	潜水浮标	25
婴儿用品	儿童防护门栏	22
智能手机及数码产品	固定电话	22
美妆	美容眼贴	25
智能家居与安防	智能插座	20
电脑及笔记本	内置固态硬盘	16.5
个护健康	消毒设备	18
电工电气	转换器	21
宠物用品	马梳	19
装修材料	壁纸	20
园艺设备	园艺设备挂载附件	17
餐具器具	防油溅挡板	26
健康用品	膳食补充剂	25
体育用品	上饵器	25
手工制品	滴胶色精	23
美妆	美发配件	25
家居装饰品	台钟	25
家居用品	家居用品	23
电子配件	笔记本双肩包	24
婴儿配件	婴儿帽子	19
汽车配件及改装件	车轮定位仪	20
摩托车用品	摩托车刹车卡钳	20
体育用品	北欧行走和徒步杖	25
电子配件	电子记事本	20
家居清洁用品	马桶清香剂	23
餐具器具	牙签筒	26
手动工具及配件	电缆牵引网套	20
美妆	嫁接睫毛棒	25
食品	冷冻肉	21
汽车配件	扭转减震器	20
宠物用品	储粮桶	19
大家电	冰箱	17
食品	羊肉大馅饼	21
建筑材料	门配件	21
家居用品	肥皂盒	23
手工制品	肥皂模具	23
电子配件	CD播放机	18
家居用品	洗衣篮	23
餐具器具	水箱水龙头	26
手动工具及配件	建筑模板	20
工作服及防护用品	医用防护服	25
食品	吸管糖	21
服装	中长款上衣	20
体育用品	体育用品	25
成人用品	情趣护理液	25
建筑材料	自流平地面	21
手动工具及配件	工业轴承	20
宠物用品	宠物毯子	19
家居用品	熨衣板套	23
办公用品	画笔	24
健康用品	避孕套	25
食品	西点	21
手工制品	裁缝鞋楦	23
园艺用品	干苔藓	25
运动配件	其他运动配件	25
鞋类配件	鞋底	17.5
电子配件	手机电池	22
体育用品	台球配件	25
体育用品	自行车轮圈	25
装修材料	装修材料	20
婴儿用品	手动吸奶器	22
小型家具	儿童椅	20
体育用品	编织绳	25
美妆	睫毛收纳盒	25
定制家具	定制家具	26
汽车配件及改装件	车载气泵	20
体育用品	充气船	25
食品	竹叶	21
电子配件	电台电池	18
汽车配件	发动机活塞	20
食品	海螯虾	21
电子配件	智能手表保护套	18
婴儿服装	婴儿睡衣	21
食品	烤包子	21
办公用品	绘图墨水	24
汽车化学品及美容用品	刹车清洁剂	20
餐具器具	酱料碟	26
婴儿用品	咬咬乐	22
汽车配件及改装件	行李架横杆	20
摄影器材	提词器	20
美妆	乳液	25
婴儿用品	电动摇椅	22
运动鞋	轮滑滑雪靴	17
汽车配件	继电器	20
配饰	服装饰品	20
体育用品	球针	25
健康用品	造口护理用品	25
办公用品	订书机	24
办公用品	书皮	24
节庆用品	泡泡液	26
健康用品	按摩拖鞋	25
配饰	围巾	20
宠物用品	宠物床垫	19
收纳	真空压缩袋抽气泵	24
汽车配件及改装件	大灯透镜	20
办公家具及商业设备	电脑桌	20
体育用品	滑板支架桥	25
体育用品	潜水面镜	25
家居用品	熨衣板垫	23
健康用品	血压计袖带	22
节庆用品	花环配件	26
体育用品	三角架	25
美妆	纹身机支架	25
鞋类配件	鞋带	17.5
收纳	帽子架	24
节庆用品	氦气罐	26
电子配件	无人机配件	20
餐具器具	刮鳞器	26
体育用品	按摩滚轮	25
食品	肉丸	21
婴儿用品	婴儿背带垫	22
电子配件	洗衣机配件	22
汽车配件	减震缓冲块	20
美妆	淡香水	25
宠物用品	爬宠灯具	19
汽车配件	主轴承盖	20
运动服装	运动T恤	20
电子配件	手机维修配件	22
酒类	金酒	21
美妆	卫生巾收纳包	25
配饰	沙滩裹裙	20
体育用品	滑轮鞋	25
体育用品	溜冰鞋配件	25
节庆用品	餐具装饰	26
婴儿用品	吸奶器配件	22
美妆	镊子	25
宠物用品	猫草	19
办公家具及商业设备	打标枪	23
汽车配件及改装件	加油枪	20
健康用品	一次性口罩	22
内衣	泳裤	20
体育用品	花样滑冰旋转器	25
食品	冰鲜鱼	21
汽车	新车	11.5
婴儿内衣	婴儿裤袜	20
餐具器具	餐具沥水架	26
家居装饰品	工艺武器	25
体育用品	水上躺椅	25
婴儿用品	婴儿背巾	22
个护健康	牙刷消毒器	18
汽车配件	悬挂胶套	20
鞋类	鞋类	17
家用纺织品	毯子	25
手工制品	画架	23
体育用品	瞄准镜	25
健康用品	指示条	25
电工电气	热缩管	21
车载电子	雷达探测器	20
电动工具及设备	木铣	20
运动营养品及化妆品	运动饼干	23
电子配件	电子书	20
电工电气	调光器	21
电脑外设及配件	PC手柄	20
装修材料	天花线	20
汽车化学品及美容用品	玻璃清洁剂	20
家居用品	马桶灯	23
露营及休闲用品	露台及阳台	25
电工电气	电工电气	26
配饰	电脑护目镜	20
宠物用品	宠物美容护理套装	19
手动工具及配件	照度计	20
宠物用品	种植夹	19
工作服及防护用品	工装连衣裙	25
摩托车用品	雪地摩托骑行装备	20
成人用品	情趣连裤袜	25
办公家具及商业设备	家具木榫	20
汽车配件	副车架梁	20
汽车配件	副箱	20
婴儿用品	哺乳枕	22
电工电气	灯光控制器	18
装修材料	除锈剂	20
宠物用品	狗粮	19
运动服装	运动短裙	20
汽车配件	转向机	20
体育用品	儿童座椅支架	25
手动工具及配件	麻花钻头	20
宠物用品	宠物围栏	19
美妆	纹身护理修复产品	25
建筑材料	石膏板自攻螺丝	21
汽车配件	冷却系统	20
鞋类配件	半垫	17.5
鞋类	低帮皮鞋	17
健康用品	注射针头	25
运动服装	保暖运动紧身裤	20
家用纺织品	床幔	25
汽车配件及改装件	拖车插头	20
运动配件	马面罩	25
卫浴	马桶	20
健康用品	X光观片灯	22
餐具器具	和面袋	26
体育用品	自卫钥匙扣	25
宗教与玄学	仪式毛巾	25
食品	果汁	21
玩具	手指滑板	24
电脑外设及配件	键鼠套装	20
婴儿服装	婴儿披肩	21
工作服及防护用品	灭火装置	23
家用纺织品	床罩	25
体育用品	登山绳	25
家居用品	打包带	23
专业乐器	班卓琴和多姆拉	21
建筑材料	化学锚栓	21
运动服装	护具	20
办公用品	计数用具	24
工作服及防护用品	工作背心	25
工作服及防护用品	电焊面罩	23
建筑材料	螺栓	21
运动配件	运动眼镜	25
鞋类配件	鞋类配件	17.5
网络设备	路由器	19.5
食品	主菜混合料	21
鞋类配件	擦鞋海绵	17.5
兽药	宠物伤口愈合药	20
手动工具及配件	电池测试仪	20
玩具	玩具工具	24
宠物用品	宠物推毛器	19
手动工具及配件	五金托盘	20
体育用品	运动徽章贴	25
体育用品	吊装带	25
体育用品	花鼓配件	25
餐具器具	坚果夹	26
体育用品	健身会员卡	25
配饰	手表	20
运动配件	袖套	25
汽车配件及改装件	火花塞套筒	20
美妆	睫毛卸妆产品	25
美妆	美甲及修脚工具	25
体育用品	露营家具套装	25
玩具	儿童电动车	1.5
宗教与玄学	骨灰盒	25
运动营养品及化妆品	恢复补剂	23
智能家居与安防	可视对讲室内机	20
餐具器具	模具	26
装修材料	窗户	20
汽车配件	油冷器连接件	20
婴儿服装	儿童毛衣	21
手工制品	皂基	23
发饰	发梳	20
园艺设备	汽油链锯	17
专业乐器	小提琴弓	21
宠物用品	动物美容工具	19
卫浴	工業爐及組件	20
婴儿用品	婴儿辅食勺	22
餐具器具	土耳其咖啡壶	26
卫浴	球阀	20
体育用品	球拍线	25
宠物用品	动物染色模板	19
专业乐器	拾音器	21
建筑材料	锚栓	21
食品	可食用油墨	21
婴儿服装	婴儿运动套装	21
成人用品	肛门钩	25
汽车配件	点火钥匙外壳	20
厨房电器	熏制烟雾发生器	18
汽车化学品及美容用品	车身保护涂层	20
宠物用品	宠物裙子	19
柜类家具及储物家具	搁板	20
摄影器材	相机充电电池	20
电动工具及设备	电动工具电池	20
服装	套头针织衫	20
餐具器具	披萨石板	26
家居用品	熨斗支架	23
汽车配件及改装件	玻璃贴膜	20
食品	木薯淀粉	21
食品	香肠	21
工作服及防护用品	工作服及防护用品	25
软体家具	无骨架脚凳	20
个护健康	电吹风	18
摩托车用品	摩托车手套	20
图书与光盘	杂志	21
宠物用品	宠物袜子	19
美妆	棉签	25
餐具器具	茶勺	26
电子配件	无线同步器	18
汽车配件	燃油进油管	20
鞋类配件	鞋刷	17.5
电子配件	收音机	18
玩具	海洋球池	24
美妆	锉条替换头	25
电子配件	手机保护框	22
汽车配件及改装件	螺栓扭转工具	20
餐具器具	蔬菜脱水器	26
办公用品	订书机钉	24
体育用品	渔笼	25
汽车配件	进气歧管	20
电脑外设及配件	键盘	20
婴儿用品	婴儿监控器	22
汽车配件及改装件	汽车刷	20
电工电气	DIN导轨	21
电工电气	保护器件	21
烟具	电子烟保护套	22
运动鞋	舞蹈热身靴	17
玩具	乐器套装	24
电工电气	开关插座面板	21
汽车配件及改装件	车身贴纸	20
美妆	手膜手套	25
内衣	保暖短裤	20
婴儿服装	婴儿洗礼裤	21
柜类家具及储物家具	嵌入式熨衣板	20
宠物用品	宠物护肤霜	19
体育用品	提踵器	25
专业乐器	弱音器	21
汽车配件	离合器分离轴承	20
汽车配件	总开关	20
厨房电器	微波炉	18
体育用品	折叠锯	25
装修材料	锁舌板	20
建筑材料	膨胀螺栓	21
宠物用品	宠物美容台	19
园艺工具及灌溉用品	园艺跪垫	20
汽车配件	转向垂臂	20
饰品	手链	17
餐具器具	水果切片器	26
体育用品	钓鱼筒	25
卫浴	便池垫圈	20
婴儿用品	婴儿浴盆支架	22
餐具器具	筷子	26
电子配件	矩阵切换器	18
运动配件	马尾护套	25
车载电子	摩托车音响	20
建筑材料	邮政锁	21
影音设备	录音笔	22
建筑材料	建筑混合物添加剂	21
烟具	水烟壶	22
汽车配件	转向助力油壶	20
建筑材料	壁板配件	21
家居装饰品	线香	25
园艺用品	小型温室	25
电动工具及设备	内窥镜	20
健康用品	助听器	25
餐具器具	烤鸡架	26
园艺设备	扫地机	23
鞋类	踝靴	17
餐具器具	电子点火器	26
烟具	烟具	22
汽车配件	电动机	20
鞋类	过膝靴	17
手动工具及配件	钳子	20
健康用品	喂药奶嘴	23
烟具	电子烟油	22
汽车配件	汽车拉杆	20
汽车配件	冷却液滤清器	20
汽车配件及改装件	冲压工具	20
电子配件	心率表带	25
餐具器具	冰酒石	26
服装	家居睡袍	20
专业乐器	吉他	21
配饰	相机背带	20
办公家具及商业设备	其他商用设备	23
汽车配件	底盘总成	20
婴儿用品	婴儿腰凳	22
健康用品	泥浆敷料器	25
办公设备	UPS控制器	21
家用电器	餐饮设备配件	18
餐具器具	切菜板	26
汽车配件	安全管	20
宠物用品	宠物鞋	19
手动工具及配件	滚筒刷	20
露营及休闲用品	花园秋千	25
电子配件	饮水机配件	18
汽车配件	离合器摩擦片	20
食品	蛋糕底	21
办公用品	放大镜	24
手动工具及配件	标高件	20
成人用品	私密护理工具	25
装修材料	自粘地板贴	20
汽车配件	差速锁	20
厨房电器	烤面包机	18
美妆	双头眼影棒	25
专业乐器	乐器背带	21
家居装饰品	门牌数字贴	25
健康用品	医疗包	25
手工制品	造景灰泥石	23
家居用品	除尘刷	23
婴儿用品	儿童温度计	22
园艺设备	草坪打孔机	23
电脑外设及配件	显示器	18
宠物用品	宠物外套	19
节庆用品	互动贴纸	26
手动工具及配件	射钉枪	20
婴儿内衣	婴儿保暖高领衫	20
体育用品	后变速器支架	25
电子配件	血氧仪	18
装修材料	橡胶漆	20
建筑材料	门廊遮阳篷	21
汽车配件及改装件	搭电线	20
办公用品	封条铅丝	24
食品	冷冻烘焙食品	21
装修材料	自粘保护膜	20
露营及休闲用品	桑拿水箱	25
汽车配件	机油尺	20
宠物用品	马厩配件	19
体育用品	自行车护具	25
婴儿用品	儿童秤	22
配饰	安全套包装盒	20
摩托车用品	摩托车护具	20
汽车配件及改装件	座椅挂钩	20
汽车配件	阻风门拉线	20
柜类家具及储物家具	衣帽间挂衣杆	20
运动配件	鱼竿挂架	25
汽车配件	制动气室	20
交通工具	浮筒	18
汽车配件及改装件	小桌板	20
运动配件	奥杆卡扣	25
餐具器具	鸡尾酒配件	26
体育用品	呼啦圈包裹	25
摩托车用品	摩托车空气滤芯	20
运动配件	鼻夹	25
手工制品	烙画套装	23
健康用品	隐形眼镜盒	25
汽车配件及改装件	安全带护肩套	20
健康用品	压力手套	25
运动配件	帐篷地板	25
电子配件	随身翻译机	18
手动工具及配件	斜切锯盒	20
饰品	串珠项链	17
配饰	公文包	20
电动工具及设备	热风炮	20
玩具	慢回弹玩具	24
柜类家具及储物家具	推拉门衣柜	20
餐具器具	糖果盘	26
美妆	玻璃纤维甲片	25
运动配件	马镫带	25
食品	胶囊咖啡	21
建筑材料	建筑玻璃	21
汽车配件及改装件	冷却液加热器	20
办公用品	文件夹	24
健康用品	压力内裤	25
鞋类	毛毛靴	17
美妆	澡巾	25
酒类	起泡酒	21
建筑材料	栅栏柱	21
电动工具及设备	加工机床	20
餐具器具	揉面垫	26
宠物用品	动物智能设备	19
照明设备	落地灯	24
露营及休闲用品	点火器	25
体育用品	健身防滑掌套	25
运动配件	潜水用配件	25
装修材料	建筑胶水	20
成人用品	情趣吊裤带	25
美妆	纹身转印材料	25
建筑材料	海绵	21
园艺用品	农药	25
宠物用品	宠物护栏	19
体育用品	弹跳器	25
卫浴	热交换器	20
汽车配件及改装件	汽车充电线	20
家居清洁用品	衣物清新喷雾	23
工作服及防护用品	工作裤	25
电子配件	拍摄三脚架	22
体育用品	链条张紧器	25
烟具	水烟瓶	22
健康用品	牙科灯芯片	25
体育用品	帐篷钉	25
食品	辣根	21
食品	腌鱼	21
建筑材料	槽型材	21
手工制品	水钻	23
成人用品	前列腺按摩器	25
健康用品	担架	25
汽车配件	悬挂弹簧	20
餐具器具	茶具套装	26
手工制品	线团支架	23
露营及休闲用品	柴火炉	25
服务	服务	26
鞋类	草编鞋	17
内衣	保暖高领毛衣	20
专业乐器	雨声器	21
家居清洁用品	清洁液	23
汽车配件及改装件	方向盘助力球	20
美妆	日光浴套装	25
美妆	海娜粉	25
专业乐器	无线监听系统	21
美妆	化妆品调色板	25
办公家具及商业设备	衣柜挂钩	20
手动工具及配件	木槌	20
食品	营养方案	21
食品	淀粉	21
卫浴	通风带	20
汽车配件	空气流量传感器	20
气候电器	取暖器	18
体育用品	平衡车	18
食品	巧克力蛋	21
运动配件	拳击手套	25
摄影器材	镜头盖	20
家居清洁用品	洗碗机凝珠	23
家居用品	卫生纸架	23
成人用品	兴奋剂	25
专业乐器	小提琴	21
工作服及防护用品	消防器材	23
软体家具	懒人沙发套	20
美妆	化妆箱	25
园艺工具及灌溉用品	园艺工具挂架	20
成人用品	性玩具清洁液	25
花园家具	花园沙发	20
个护健康	化妆品搅拌器	18
运动配件	防水保护套	25
个护健康	美甲美足打磨头	18
帽类	穆斯林头巾	20
电子配件	唱头放大器	18
电子配件	延长保修证书	18
园艺设备	油锯配件	23
汽车配件及改装件	驾驶辅助系统	20
手工制品	创意环氧树脂	23
工作服及防护用品	一次性袜子	23
美妆	穿孔针	25
汽车配件	无钥匙进入系统	20
健康用品	石膏防水套	25
摄影器材	光学擦镜布	20
运动配件	热水腰壶	25
手工制品	手工铁丝	23
装修材料	金属漆	20
汽车配件	转向轴	20
办公家具及商业设备	商店货架	20
玩具	娃娃配件	24
体育用品	帐篷修补包	25
内衣	保暖套头衫	20
食品	薄脆饼干	21
食品	棉花糖	21
建筑材料	焊接环	21
节庆用品	节庆用品	26
宠物用品	猫砂垫	19
宠物用品	宠物浴盆	19
婴儿内衣	婴儿内衣套装	20
卫浴	散热器阀门	20
专业乐器	萨克斯哨片	21
运动营养品及化妆品	肌酸	23
影音设备	电视机	17
美妆	接发去除液	25
汽车配件及改装件	防雨膜	20
办公用品	防拆标签	24
园艺工具及灌溉用品	水泵自动控制单元	23
卫浴	浴室防水条	20
电子配件	酒杯冷却器	18
运动配件	自行车码表磁铁	25
汽车化学品及美容用品	排气系统清洁剂	20
服装	套头衫	20
汽车配件及改装件	汽车电缆接线图	20
办公用品	铅芯	24
健康用品	防寒马甲	25
电工电气	灯座	21
健康用品	检影镜	25
照明设备	照明设备	24
美妆	美甲套装	25
美妆	纳米棉签	25
运动配件	狩猎哨	25
手动工具及配件	移动脚手架	20
摩托车用品	摩托车链轮	20
配饰	手提箱皮带	20
体育用品	自行车转换座	25
运动配件	链锁	25
美妆	睫毛膏	25
园艺工具及灌溉用品	土壤检测仪	20
餐具器具	披萨刀	26
健康用品	手指保护套	25
专业乐器	卡祖笛	21
餐具器具	咖啡漏斗	26
运动配件	冲浪蜡	25
建筑材料	石灰	21
美妆	美甲清洁液	25
影音设备	收录机	22
汽车配件及改装件	拖车电气模块	20
运动配件	自行车灯电池	25
汽车配件	离合器组件	20
运动服装	运动连体衣	20
运动配件	枪械支架	25
汽车配件	转角传感器	20
配饰	背带	20
智能手机及数码产品	平板电脑	22
美妆	贴片面膜	25
汽车配件及改装件	绞车配件	20
摄影器材	相机监视器	20
办公用品	复写纸	24
家用电器	缝纫机皮带	18
餐具器具	汉堡肉饼模具	26
卫浴	止回阀	20
装修材料	自粘壁纸	20
体育用品	折叠架	25
食品	果仁糖	21
婴儿用品	换尿布台	22
办公家具及商业设备	电脑椅	20
宠物用品	观赏鱼运输袋	19
药品	感冒流感及呼吸道感染药	22
汽车配件	制动软管	20
体育用品	篮球架	25
办公用品	信息标签和贴纸	24
鞋类配件	前掌垫	17.5
家居装饰品	书挡	25
汽车配件	转向滤清器	20
汽车配件	排气管波纹管	20
健康用品	戒烟贴	25
手动工具及配件	钉架	20
体育用品	教学用防身瓦斯喷雾	25
电工电气	二极管	21
运动配件	钓鱼用软管	25
宠物用品	狗狗脖套	19
婴儿用品	奶瓶	22
美妆	牙粉	25
专业乐器	合成器	21
汽车配件	玻璃升降器修理包	20
内衣	肩带防滑扣	20
个护健康	强脉冲光脱毛仪	18
工作服及防护用品	降噪耳机	23
软体家具	沙发床	20
运动配件	马镫	25
健康用品	压力紧身裤	25
餐具器具	成套餐具	26
手工制品	切割刀	23
摩托车用品	摩托车线束	20
即食食品	汤品	26
电子配件	充电底座	22
健康用品	按摩器配件	25
汽车配件	变矩器	20
厨房电器	面包机	18
餐具器具	勺架	26
建筑材料	建筑材料	21
宠物用品	宠物奶粉	19
婴儿用品	背巾T恤	22
卫浴	水槽下过滤器滤芯	20
汽车配件及改装件	独立取暖器	20
汽车配件及改装件	柴油加热器	20
专业乐器	吉他琴枕	21
汽车配件	仪表台	20
节庆用品	荧光棒	26
健康用品	弹力袜	25
汽车配件	气门	20
交通工具	拖车	18
配饰	纹身袖子	20
汽车配件及改装件	凸轮轴固定器	20
园艺设备	推雪铲	23
家用电器	电动清洁刷	18
婴儿用品	家居防护垫	22
宠物用品	动物磨牙石	19
节庆用品	狂欢节头饰	26
手工制品	纱线绕线器	23
办公家具及商业设备	家具轮	20
家居用品	包装袋	23
体育用品	泡沫按摩轴	25
卫浴	热回收器	20
家居装饰品	画框	25
运动服装	摔跤服	20
宠物用品	湿粮	19
体育用品	旅行保护套	25
车载电子	电动汽车充电桩	20
内衣	肩带连接件	20
体育用品	自行车前导线	25
汽车配件	弹簧力调节器	20
体育用品	重力球	25
美妆	泡澡球	25
电工电气	指示灯及显示屏	21
即食食品	主菜	26
体育用品	来令片	25
鞋类	凉鞋	17
运动配件	腰包	25
发饰	弹簧夹	20
建筑材料	水泥	21
成人用品	情趣腰带	25
园艺工具及灌溉用品	户外垃圾桶	20
摄影器材	光学清洁剂	20
健康用品	医用温度计	25
露营及休闲用品	沙滩伞	25
电子配件	其他设备配件	18
装修材料	家具缓冲器	20
运动服装	运动衬衫	20
玩具	幻灯片	24
家用纺织品	枕芯保护套	25
摩托车用品	雪地摩托罩	20
卫浴	浴室镜子	20
汽车配件	张紧轮	20
露营及休闲用品	支架泳池	25
餐具器具	汤勺	26
宠物用品	宠物滑石粉	19
美妆	海藻面膜	25
手动工具及配件	油石	20
珠宝饰品	其他首饰	17
园艺用品	园艺用品	25
手动工具及配件	中心定位器	20
汽车配件	水位传感器	20
宠物用品	保温灯罩	19
厨房电器	电动绞肉机	18
餐具器具	碗	26
电子配件	烟雾机	18
手工制品	手工专用液体	23
软体家具	沙发	20
宠物用品	宠物皮草外套	19
办公家具及商业设备	吊牌枪针	23
成人用品	电刺激仪	25
食品	手抓饭	21
花园家具	藤编抽屉柜	20
玩具	娃娃屋	24
体育用品	液体胶水	25
厨房电器	饮水机	18
图书与光盘	教学光盘	21
建筑材料	镜子支架	21
体育用品	体操护掌	25
美妆	化妆发带	25
餐具器具	奶酪盒	26
健康用品	言语治疗探针	25
电脑及笔记本	显卡芯片	16.5
餐具器具	高脚杯	26
体育用品	外胎	25
运动服装	下水裤	20
美妆	慕斯	25
体育用品	钓鱼坠子	25
食品	炼乳	21
婴儿内衣	婴儿保暖T恤	20
汽车配件及改装件	集热器接头	20
食品	植物饮料	21
建筑材料	金属瓦	21
汽车配件	点火模块	20
健康用品	耳镜	25
汽车配件及改装件	汽车隔热板	20
睡眠家具	床头板	20
食品	蜂蜜饼干	21
建筑材料	露台地板	21
汽车配件	连接杆	20
电动工具及设备	平板夯	20
手动工具及配件	木工凿	20
体育用品	指拨	25
餐具器具	柑橘喷雾器	26
体育用品	自行车训练架	25
汽车配件	气缸盖螺栓	20
游戏机与游戏	游戏手柄	19
手工制品	补丁贴	23
汽车配件及改装件	汽车标志	20
电动工具及设备	焊机配件	20
汽车配件及改装件	防撞杠	20
办公家具及商业设备	踢脚线	20
体育用品	登山杖环	25
办公用品	封条带	24
宠物用品	爬行动物及龟类饲料	19
汽车配件	风扇控制模块	20
即食食品	生鱼片	21
运动配件	马绳	25
电工电气	太阳能电站及配件	18
餐具器具	非聚合物储罐	26
美妆	眉胶	25
办公用品	蘸水笔	24
运动配件	队长袖章	25
办公家具及商业设备	点钞机	23
健康用品	血糖仪	22
食品	蛋筒	21
食品	水果酱	21
汽车配件及改装件	车轮螺母	20
电子配件	手机保护套	22
园艺用品	苗木	25
服装	高领针织衫	20
家用纺织品	床笠	22
手工制品	冷锻机	23
电脑外设及配件	数位板	20
汽车配件及改装件	减震胶	20
婴儿用品	婴儿背带披风	22
婴儿服装	婴儿连体睡衣	21
汽车配件及改装件	备胎架	20
美妆	CC霜	25
手工制品	装饰亮片	23
食品	食用粉笔与粘土	21
办公用品	纪念币保护盒	24
家用纺织品	地垫防滑贴	25
酒类	啤酒	21
办公家具及商业设备	收银机	23
汽车配件	变速箱拉线	20
摩托车用品	摩托车大灯	20
园艺用品	鸟屋	25
家居清洁用品	熨斗纯净水	23
电子配件	USB数据线	18
手动工具及配件	工业喷火枪	20
电工电气	变频器	21
柜类家具及储物家具	电视柜	20
电脑及笔记本	机箱散热	20
气候电器	热水器控制模块	18
食品	巧克力制作套装	21
园艺设备	油锯链条磨刀器	23
美妆	BB霜	25
家居清洁用品	烟囱清洁剂	23
办公用品	纸擦笔	24
餐具器具	人造肠衣	26
汽车配件	油封	20
汽车配件	扭力杆	20
花园家具	吊篮椅	20
数字商品	服务礼品卡	25
美妆	脱毛工具	25
配饰	设备贴纸	20
体育用品	钓鱼引线	25
体育用品	吹箭	25
服装	Polo衫	20
体育用品	保护胶带	25
电子配件	熨斗底板套	18
体育用品	登山头盔	25
装修材料	熟炼油	20
体育用品	球拍	25
餐具器具	装饰盘	26
婴儿服装	儿童雨衣	21
健康用品	便携心电图仪	22
成人用品	飞机杯附件	25
电子配件	信息保护屏	20
汽车配件	曲轴轴瓦	20
内衣	束胸带	20
汽车配件	减震器支柱部件	20
配饰	行李膜	20
专业乐器	吉他效果器	21
电子配件	吸尘器配件	18
电子配件	取暖器配件	18
服装	睡衣套装	20
鞋类配件	鞋蜡	17.5
电子配件	扩音器	18
电脑外设及配件	网络摄像头	20
美妆	指甲钳	25
配饰	防风面罩滤芯	20
体育用品	猎物皮带	25
园艺工具及灌溉用品	园艺储物箱	20
汽车配件	排气管	20
手动工具及配件	风阀	20
玩具	回旋镖	24
食品	冷冻蘑菇	21
建筑材料	紧固滑轮块	21
卫浴	通风法兰盘	20
汽车配件	灯泡插座	20
汽车化学品及美容用品	内饰抛光剂	20
美妆	腮红	25
体育用品	诱饵压制器	25
健康用品	术后短裤	25
电工电气	电子元件	20
婴儿用品	尿不湿收纳盒	22
食品	果干	21
节庆用品	史莱姆活化剂	26
建筑材料	钢管座配件	21
手工制品	艺术创作用丙烯树脂	23
体育用品	防潮垫	25
餐具器具	炒锅	26
汽车配件	高压油泵	20
婴儿服装	婴儿女衬衫	21
体育用品	补胎工具包	25
美妆	修脚刀片	25
健康用品	退热贴	23
食品	蔬菜罐头	21
美妆	美发洗头床水龙头及配件	25
体育用品	平衡垫	25
办公用品	绘画稀释剂	24
健康用品	防护围兜	25
电子配件	农用喷洒无人机	20
家用纺织品	电脑椅地垫	25
装修材料	防盗五金配件	20
园艺设备	打草绳	23
专业乐器	效果器踏板	21
玩具	游戏帐篷配件	24
Тест родитель 09.09	Тест предмет 09.09	26
运动配件	马腹带	25
成人用品	情趣颈链	25
玩具	娃娃家具	24
卫浴	恒温阀	20
家用纺织品	防烫手套	25
宠物用品	发光牵引绳	19
汽车配件	燃油箱	20
健康用品	彩色隐形眼镜	25
内衣	成套内衣	20
宠物用品	宠物烫发纸	19
影音设备	卫星电视套装	22
办公家具及商业设备	商用秤	23
卫浴	水管	20
成人用品	情趣手套	25
健康用品	轮椅配件	25
宗教与玄学	墓碑牌	25
园艺用品	花园雕像及标牌	25
鞋类配件	鞋饰	17.5
电工电气	启动器	21
婴儿内衣	婴儿内裤	20
体育用品	训练绳	25
影音设备	黑胶唱片	22
个护健康	剃须刀头	18
成人用品	情趣头饰	25
宠物用品	鱼缸盐	19
建筑材料	M-150砂浆	21
柜类家具及储物家具	儿童柜	20
汽车配件	燃油滤清器外壳	20
汽车配件及改装件	千斤顶	20
电子配件	无人机	18
餐具器具	酒精计	26
宠物用品	宠物治疗胶	19
影音设备	电视接收模块	22
卫浴	减压阀	20
办公家具及商业设备	保险箱	20
手动工具及配件	楼梯配件	20
宗教与玄学	如尼文	25
汽车配件	气缸头温度传感器	20
体育用品	游泳漂浮夹板	25
专业乐器	鼓踏板	21
美妆	美甲练习手模	25
智能家居与安防	电子锁控制器	20
影音设备	电脑音箱	18
汽车配件	散热器支架	20
鞋类	板鞋	17
玩具	坦克模型	24
电子配件	相机闪光灯	22
电工电气	双电源切换开关	21
运动配件	马毯	25
成人用品	BDSM套装	25
食品	肉酱	21
建筑材料	刺绳铁丝网	21
厨房电器	迷你烤箱	18
电脑外设及配件	鼠标	20
办公用品	雕塑泥	24
食品	鹰嘴豆片	21
露营及休闲用品	泳池配件	25
摩托车用品	摩托车机油滤清器	20
餐具器具	手动切菜器	26
宠物用品	蚂蚁巢	19
建筑材料	建筑用袋	21
专业乐器	萨克斯	21
定制家具	厨房台面	20
园艺工具及灌溉用品	果蔬分选器	20
体育用品	体育器材固定器	25
食品	明胶	21
手工制品	缝纫配件	23
健康用品	牙齿美白配件	25
健康用品	医用支架	25
汽车配件及改装件	减震器套装	20
投资贵金属	投资贵金属	26
工作服及防护用品	一次性帽子	23
汽车配件	暖风电阻	20
手工制品	蜡烛模具	23
园艺设备	高压清洗机清洁剂	23
汽车配件及改装件	壁挂式隔离带	20
汽车配件及改装件	点火测试仪	20
建筑材料	绝缘薄膜	21
体育用品	快挂	25
酒类	梅斯卡尔酒	21
工作服及防护用品	安全鞋	25
食品	斯佩尔特小麦	21
手动工具及配件	刮刀	20
家居清洁用品	消泡剂	23
工作服及防护用品	一次性衬衫	23
体育用品	瑜伽棒	25
汽车配件及改装件	车顶行李架导轨	20
摩托车用品	摩托车燃油开关	20
手动工具及配件	焊接滤光片	20
酒类	露酒	21
电工电气	电子开关	21
露营及休闲用品	煤球	25
手动工具及配件	刮刀手柄	20
办公用品	绘画滚筒	24
车辆蓄电池	汽车电瓶	20
卫浴	Y型过滤器	20
手动工具及配件	涂层检测仪	20
成人用品	情趣袜圈	25
食品	短粗香肠	21
配饰	腰封	20
家居清洁用品	衣物防染色剂	23
节庆用品	礼品奖杯	26
家用电器	家电底座支架	22
家居用品	马桶清洁剂分配器	23
家居装饰品	海报	25
体育用品	游泳板	25
体育用品	防雾剂	25
家居用品	烘焙纸	23
专业乐器	弦	21
汽车配件	排气管垫片	20
食品	面包糠	21
健康用品	护理手套	22
体育用品	杠铃	25
办公家具及商业设备	家具铰链	20
运动配件	马后鞧	25
园艺工具及灌溉用品	园艺剪刀	20
节庆用品	包装胶带	26
电子配件	屏幕拆卸吸盘	22
汽车配件	汽车支架	20
成人用品	情趣棒棒糖	25
体育用品	滑板	25
办公设备	相纸	21
健康用品	拇指矫正器	25
成人用品	性爱秋千	25
专业乐器	音乐勺	21
家居用品	杯刷	23
家居装饰品	装饰书	25
摩托车用品	雪地摩托发动机控制模块	20
电工电气	电灯开关	21
软体家具	摇椅	20
露营及休闲用品	生态厕所配件	25
厨房电器	烘焙工具	18
运动营养品及化妆品	低糖果酱	23
收纳	袋钩	24
汽车配件及改装件	汽车遮阳挡	20
汽车配件及改装件	黄油枪	20
建筑材料	瓷砖模具	21
体育用品	遮阳篷	25
体育用品	肌贴	25
美妆	理发剪刀	25
婴儿用品	婴儿背带背包	22
宠物用品	宠物剪刀	19
汽车配件及改装件	电子标签	20
电子配件	咖啡机配件及零件	18
食品	蛋糕卷	21
节庆用品	气球处理剂	26
配饰	睡眠眼罩	20
体育用品	起跑器	25
手动工具及配件	发泡胶枪	20
食品	小米	21
节庆用品	LED造型灯	26
体育用品	运动吊环	25
运动配件	台呢刷	25
食品	果干饮料	21
电子配件	手机拍摄支架	22
卫浴	妇洗器	20
卫浴	燃气热水器配件	20
摩托车用品	防滚架	20
电工电气	灯泡	21
食品	乳饮料	21
运动配件	臂圈	25
餐具器具	水壶	26
手工制品	针线盒	23
食品	烤面包片	21
食品	烤布丁	21
办公用品	印章配件	24
宠物用品	巢蜜叉	19
汽车配件及改装件	驻车加热器	20
电子配件	红外触发相机	18
影音设备	会议扬声器	22
建筑材料	塑料板材	21
体育用品	把立	25
药品	血液病药物	22
汽车化学品及美容用品	汽车胶水	20
影音设备	Hi-Fi播放器	22
鞋类配件	增亮剂	17.5
婴儿服装	婴儿背心	21
工作服及防护用品	电焊面罩镜片	23
电子配件	电子签名存储器	20
软体家具	长条软凳	20
装修材料	窗户通风阀	20
手工制品	梭芯	23
电动工具及设备	锯	20
汽车配件及改装件	轮眉扩展件	20
体育用品	篮板	25
健康用品	医用试纸	25
电动工具及设备	台钻	20
摩托车用品	摩托车脚踏	20
内衣	连体衣	20
电工电气	电工胶带	21
电子配件	防丢钥匙扣	18
汽车配件	发动机曲轴箱衬套	20
电脑外设及配件	键盘配件	20
健康用品	针灸针	25
配饰	连指手套	20
宠物用品	宠物牵引绳	19
体育用品	救生腰带	25
摄影器材	拍立得相机	20
汽车化学品及美容用品	汽车空调制冷剂	20
宠物用品	水族箱支架	19
建筑材料	钢筋固定器	21
食品	肉卷	21
宠物用品	嘴套	19
成人用品	情趣内裤	25
小型家具	茶几	20
手工制品	划粉	23
体育用品	悬臂带	25
体育用品	风帆冲浪装备	25
体育用品	折叠铲	25
健康用品	滋润眼药水	25
建筑材料	索具转环	21
饰品	胸针	17
电工电气	电源	21
办公设备	打印机色带	21
电工电气	信号器	18
健康用品	除颤器	25
宗教与玄学	圣像架	26
电动工具及设备	电动扳手	20
健康用品	助听器耳塞	25
宠物用品	鱼捞	19
电子配件	手机消毒器	22
汽车配件及改装件	汽车天线	20
卫浴	水槽	20
内衣	胸垫	20
汽车配件及改装件	车身饰条	20
手动工具及配件	抹泥刀	20
体育用品	健腹轮	25
成人用品	情趣口塞	25
专业乐器	曼陀林	21
配饰	购物袋	20
玩具	风车玩具	24
工作服及防护用品	警示带	23
美妆	眼影	25
手动工具及配件	空压机配件	20
装修材料	木蜡油	20
食品	土耳其软糖	21
露营及休闲用品	燃气罐	25
卫浴	淋浴过滤器	20
婴儿服装	婴儿睡袋	21
婴儿用品	婴儿消毒器	22
餐具器具	酒具套装	26
睡眠家具	床垫保护套	20
餐具器具	盘子	26
卫浴	暖气片配件	20
手工制品	布料铅笔	23
专业乐器	沙锤	21
电工电气	绝缘子	21
摩托车用品	摩托车刹车片	20
宠物用品	宠物湿巾	19
美妆	耳朵清洁工具	25
卫浴	金属管堵头	20
婴儿用品	尿布	22
宠物用品	粮铲	19
办公家具及商业设备	呼叫器	23
手工制品	手工染料	23
食品	棉花软糖	21
节庆用品	礼品包装纸	26
电工电气	集成电路	21
体育用品	夹具	25
体育用品	橡胶警棍	25
厨房电器	醒发箱	18
健康用品	家用医疗器械	25
婴儿食品	婴儿配方食品	20
体育用品	中轴	25
汽车配件及改装件	洗车海绵	20
运动配件	马耳套	25
运动配件	运动润滑剂	25
食品	豆沙	21
园艺用品	天然圣诞树	26
个护健康	电动剃须刀	18
餐具器具	平底锅	26
宠物用品	宠物航空箱	19
运动配件	半脚舞蹈鞋	25
鞋类配件	鞋跟贴	17.5
配饰	挂绳	20
装修材料	窗台连接件	20
家居装饰品	3D装饰画	25
餐具器具	筛子	26
电子配件	充电宝	22
运动营养品及化妆品	增肌粉	23
露营及休闲用品	水井	25
智能手机及数码产品	智能手机	15
办公用品	圆规	24
家居清洁用品	管道疏通剂	23
健康用品	峰流速仪	25
食品	芥末酱	21
家居用品	洗衣袋	23
餐具器具	制冰模具	26
餐具器具	奶油枪	26
办公设备	其他打印机配件	21
汽车配件	进气管	20
摩托车用品	电动踏板车	18
美妆	染色发粉	25
建筑材料	建筑木方	21
汽车配件	等速万向节	20
汽车配件	液压蓄能器	20
收纳	衣架	24
美妆	DD霜	25
手工制品	编织针	23
电子配件	电子产品支架	22
运动营养品及化妆品	蛋白薯片	23
汽车配件	汽车铰链与限位器	20
体育用品	体育球门	25
宠物用品	工具保养用品	19
食品	玉米棒	21
婴儿配件	婴儿配件	19
食品	椒盐卷饼	21
办公家具及商业设备	美甲桌	20
体育用品	钓鱼用具	25
宠物用品	宠物护具	19
婴儿配件	婴儿头巾	19
汽车化学品及美容用品	防锈涂层	20
露营及休闲用品	工具棚及杂物间	25
健康用品	喉喷雾	25
厨房电器	滴漏式咖啡机	18
体育用品	燃料罐	25
建筑材料	坡道	21
健康用品	家用护理产品	25
园艺工具及灌溉用品	除根器	20
工作服及防护用品	一次性拖鞋	23
建筑材料	工具钉	21
酒类	威士忌	21
体育用品	球杆	25
电子配件	电子书保护套	22
家居装饰品	墙面装饰	25
健康用品	医用绷带	25
收纳	假发支架	24
食品	法式冻派	21
汽车配件	油底壳垫片	20
服装	睡裙	20
影音设备	回音壁	22
工作服及防护用品	医护连体服	25
交通工具	交通工具	18
美妆	湿纸巾	25
建筑材料	绑扎铁丝	21
配饰	钱包	20
电子配件	密码管理器	18
工作服及防护用品	工装半身裙	25
手动工具及配件	工具套装	20
汽车配件	刹车灯	20
餐具器具	蒸锅	26
专业乐器	鼓消音圈	21
电子配件	视频放大器	18
家居用品	压瓶机	23
食品	开菲尔酸奶	21
食品	蓝带肉排	21
美妆	嫁接睫毛镊子	25
健康用品	双水平呼吸机面罩	25
服装	半身裙	20
卫浴	风管固定架	20
兽药	宠物乳腺炎药	20
办公用品	图钉	24
汽车配件	牵引蓄电池散热器	20
美妆	接发夹	25
家用电器	奶酪机	18
汽车配件	汽车大灯	20
园艺工具及灌溉用品	播种机	20
体育用品	自行车刹车手柄	25
餐具器具	炒菜铲	26
体育用品	独轮车	18
办公家具及商业设备	滚轮输送带	23
摄影器材	环形灯	20
汽车配件	水泵密封圈	20
电工电气	插座	21
家用电器	电动擦窗器	18
美妆	植物清洁粉	25
办公用品	办公设备用纸	24
健康用品	呼吸训练器	25
药品	妇科药物	22
家居用品	滤水壶	23
电动工具及设备	电焊机	20
电脑及笔记本	笔记本电脑	15
内衣	内衣肩垫	20
体育用品	滑雪轮	25
食品	鸡柳	21
办公用品	密封条	24
运动配件	摩托车包	25
汽车配件	雨刮电机	20
专业乐器	专业乐器	21
办公家具及商业设备	电脑护腕手托	20
汽车配件及改装件	安装头嵌件	20
汽车配件及改装件	车载马桶	20
成人用品	情趣连体内衣	25
食品	巧克力板	21
办公用品	封蜡	24
卫浴	浴室柜	20
配饰	小镜子	20
鞋类	橡胶雨靴	17
婴儿食品	婴儿饼干	20
装修材料	色浆	20
食品	奶渣条	21
办公用品	文件夹夹具	24
装修材料	玻璃砖	20
露营及休闲用品	木屋原木	25
汽车配件及改装件	驾驶镜	20
汽车配件	汽车保险丝	20
婴儿服装	婴儿西装上衣	21
电子配件	投影仪屏幕	20
节庆用品	毕业绶带	26
成人用品	绑带内裤	25
电动工具及设备	液压搬运车	20
家居清洁用品	服装防水喷雾	23
厨房电器	搅拌机配件	18
卫浴	通风通道	20
体育用品	呼啦圈	25
露营及休闲用品	烤架清洁剂	25
健康用品	医疗储物盒	25
游戏机与游戏	手柄支架	19
摩托车用品	摩托车车把配件	20
机油及工业油液	汽车保养套装	20
卫浴	暖气片	20
电子配件	游戏手柄摇杆帽	22
健康用品	术后袖套	25
饰品	手帕夹	17
收纳	储物袋	24
家居用品	润滑油	23
宠物用品	养殖定时器	19
汽车化学品及美容用品	冷却系统清洁剂	20
食品	巧克力酱	21
露营及休闲用品	桑拿置物架	25
汽车配件及改装件	信号灯配件	20
婴儿内衣	婴儿保暖毛衣	20
体育用品	滑雪板爬犁	25
酒类	草药酒	21
体育用品	转换座	25
运动鞋	骑行鞋套	17
宠物用品	蜂巢框	19
酒类	清酒	21
睡眠家具	床架	20
体育用品	溜冰鞋刹车	25
珠宝饰品	首饰珠子	17
家用电器	超声波洗衣机	18
宠物用品	二氧化碳系统	19
露营及休闲用品	户外家具及秋千配件	25
汽车配件	汽车仪表	20
汽车化学品及美容用品	漆面抛光剂	20
餐具器具	厨房工具套装	26
婴儿用品	婴儿床单	22
婴儿服装	儿童羊皮大衣	21
餐具器具	酒杯标记环	26
个护健康	红外线桑拿房	18
体育用品	警棍套	25
宠物用品	水草	19
体育用品	刹车片插片	25
手动工具及配件	砂带	20
运动配件	潜水配重铅块	25
工作服及防护用品	绝缘垫	19
汽车配件	汽车翼子板	20
建筑材料	石材板材	21
体育用品	滑雪垫	25
宠物用品	宠物乳液	19
健康用品	胰岛素笔针头	25
食品	复活节蛋糕	21
摩托车用品	卡丁车装备	20
电动工具及设备	工业热风枪	20
汽车配件及改装件	轮拱护板	20
食品	冰鲜肉	21
成人用品	情趣软糖	25
体育用品	柔韧性测量凳	25
宗教与玄学	护身符	25
体育用品	健身套装	25
花园家具	庭院椅	20
电脑及笔记本	CPU	16.5
装修材料	自动闭门器	20
餐具器具	硅胶烤垫	26
美妆	面膜棒	25
服装	女士衬衫	20
服装	斗篷	20
园艺工具及灌溉用品	手动冰钻	20
食品	肉制品	21
露营及休闲用品	烧烤配件	25
内衣	文胸	20
家居清洁用品	清洁乳	23
电动工具及设备	割炬	20
园艺设备	电动松土机	23
兽药	宠物皮肤病药	20
汽车化学品及美容用品	车身清洁剂	20
餐具器具	油醋瓶	26
宠物用品	牲畜围栏	19
食品	成人糖果	21
食品	酥糖	21
体育用品	钓鱼装配	25
汽车化学品及美容用品	车漆	20
家居装饰品	钟表机芯	25
家居用品	水瓶提手	23
手动工具及配件	安全帽内衬	20
手工制品	针线针	23
手工制品	切割垫	23
汽车配件及改装件	雨眉	20
手动工具及配件	专用工具	20
美妆	美甲弯头剪	25
餐具器具	铸铁锅	26
美妆	阴影修容	25
手动工具及配件	羊角锤	20
食品	绿豆	21
宠物用品	鸟笼	19
气候电器	对流器控制单元	18
即食食品	即饮饮料	26
运动配件	枪袋	25
办公设备	UPS电池	21
家用纺织品	桌布	25
园艺用品	种植床及配件	25
汽车配件及改装件	空压机维修包	20
婴儿用品	儿童护膝	22
婴儿服装	婴儿连体衣	21
服装	短裤	20
体育用品	跳绳	25
鞋类	懒人鞋	17
婴儿用品	新生儿护理套装	22
手动工具及配件	粉尘计数器	20
电工电气	操作面板	21
家居用品	清洁抹布	23
配饰	眼镜绳	20
运动配件	防水背包	25
电动工具及设备	混凝土振动棒	20
美妆	接发发束	25
家居清洁用品	清洁膏	23
餐具器具	甜点装饰套件	26
食品	热狗肠	21
宠物用品	宠物洁肤水	19
兽药	宠物镇静剂	20
餐具器具	开瓶器	26
体育用品	镁粉	25
宠物用品	宠物药片	19
食品	玛卡	21
成人用品	情趣蜡烛	25
办公用品	档案箱	24
办公家具及商业设备	家具保护贴	20
美妆	油类	25
餐具器具	餐勺	26
餐具器具	蛋糕印花模	26
汽车化学品及美容用品	空调清洁剂	20
家居用品	餐巾纸	23
帽类	头盔帽	20
办公用品	活页笔记本	24
汽车配件	发电机定子	20
装修材料	防盗门	20
节庆用品	明信片	26
美妆	泡澡草药	25
健康用品	足部护理用品	25
宠物用品	爬宠加热垫	19
食品	小香肠	21
花园家具	藤编凳	20
汽车配件	温度控制模块	20
大家电	洗衣机	17
成人用品	乳头夹	25
运动配件	自行车手套	25
手动工具及配件	量角器	20
成人用品	情趣皮带	25
汽车配件	曲轴位置传感器	20
体育用品	枪套	25
健康用品	医疗防护眼镜	25
建筑材料	螺丝	21
成人用品	假阳具	25
体育用品	自行车码表	25
汽车配件及改装件	汽车挡泥皮	20
宠物用品	宠物尿袋	19
电子配件	NFC戒指	20
建筑材料	壁挂支架	21
食品	浇头	21
露营及休闲用品	馕坑	25
软体家具	儿童沙发	20
汽车化学品及美容用品	大灯清洁剂	20
电动工具及设备	砂浆搅拌机	20
食品	思慕雪	21
专业乐器	乐器套	21
卫浴	淋浴房配件	20
体育用品	双杠	25
宠物用品	挤奶机	19
手动工具及配件	棘轮扳手	20
体育用品	安全绳	25
餐具器具	调味瓶套件	26
手工制品	手工布料	23
健康用品	压力袖套	25
兽药	宠物抗过敏药	20
手工制品	泥塑套装	23
办公用品	手工纸	24
美妆	唇彩	25
汽车配件	放油螺丝	20
汽车配件	正时链条导轨	20
游戏机与游戏	PlayStation游戏机	17
内衣	文胸延长扣	20
餐具器具	擦丝器	26
厨房电器	厨余垃圾处理器	18
健康用品	医用导管	25
美妆	洁面乳	25
食品	披萨底	21
汽车配件	自动变速箱滤芯	20
体育用品	打蜡熨斗套	25
家居用品	鸡蛋盒	23
汽车配件	点火线圈组件	20
汽车配件	示廓灯	20
体育用品	车铃	25
汽车配件及改装件	拖车配件	20
健康用品	输液架	25
摄影器材	相机滤镜	20
体育用品	电动漂移车	18
卫浴	进水软管	20
美妆	亮片	25
体育用品	瑜伽板	25
玩具	沙箱用沙	24
宠物用品	敏捷训练器材	19
办公用品	燕尾夹	24
收纳	悬挂式收纳袋	24
体育用品	球框	25
办公用品	邮寄箱	24
玩具	不倒翁	24
美妆	卫生巾	25
图书与光盘	词典	21
体育用品	折叠床	25
体育用品	动感单车	25
宠物用品	爬宠灯	19
美妆	美妆	25
园艺设备	园艺粉碎机	17
手动工具及配件	卡箍钳	20
手动工具及配件	烙铁头	20
食品	鱿鱼	21
汽车配件	衬套	20
装修材料	中空玻璃	20
家居装饰品	壁炉清洁工具	25
车载电子	倒车雷达	20
汽车配件及改装件	车库地垫	20
装修材料	窗框型材	20
美妆	抛光块	25
体育用品	摘钩器	25
食品	方便面	21
运动营养品及化妆品	蛋白脆饼	23
运动服装	运动连帽衫	20
建筑材料	秋千吊架	21
运动配件	钓鱼围裙	25
专业乐器	吉他加湿器	21
办公用品	绘画文件夹	24
家居用品	纸巾	23
餐具器具	橡木桶	26
体育用品	马头棒	25
汽车配件	驻车灯	20
电子配件	烤箱配件	22
气候电器	空气离子发生器	18
办公用品	标签	24
健康用品	医用钩子	25
食品	醋	21
专业乐器	乐谱架	21
鞋类配件	鞋类保养液	17.5
建筑材料	搬运带	21
收纳	收纳标签贴	24
装修材料	门把手	20
健康用品	妇科检查包	25
园艺设备	割草机	17
厨房电器	空气炸锅	18
体育用品	弓	25
食品	糖衣奶酪块	21
装修材料	木蜡	20
节庆用品	彩跑粉	26
体育用品	活塞阀	25
餐具器具	冰淇淋勺	26
卫浴	水泵压力继电器	20
卫浴	便携会阴冲洗器	20
节庆用品	竞赛配件	26
装修材料	建筑清漆	20
办公家具及商业设备	条形码扫描器	23
园艺用品	育苗袋	25
小型家具	装饰镜	20
配饰	手推车拉杆包	20
办公家具及商业设备	办公家具及商业设备	23
体育用品	防风屏	25
鞋类配件	鞋用喷雾	17.5
体育用品	举重配件	25
婴儿内衣	儿童分体泳衣	20
摄影器材	视频信号转换器	20
运动配件	枪械清洁套装	25
建筑材料	木质板材	21
汽车配件	皮带张紧轮	20
饰品	charms挂件	17
工作服及防护用品	医用工作裤	25
汽车配件及改装件	车载咖啡机	20
办公家具及商业设备	家具导轨	20
饰品	戒指	17
婴儿用品	指甲刷	22
汽车化学品及美容用品	工业滑石粉	20
成人用品	情趣饼干	25
体育用品	自行车保养用品	25
体育用品	双筒望远镜	25
运动服装	防磨衣	20
玩具	钉板	24
健康用品	磁疗仪	22
成人用品	肛珠	25
装修材料	卷帘门	20
汽车配件	中央控制台	20
健康用品	眼镜片	25
配饰	汽车钥匙保护套	20
健康用品	注射器手枪	25
食品	鹅肝	21
建筑材料	M-300砂浆	21
服装	羽绒服	20
办公用品	收银纸	24
婴儿配件	婴儿棒球帽	19
美妆	香水卡纸	25
建筑材料	石膏板及板材	21
健康用品	光度计	25
汽车配件及改装件	强化半轴与万向节	20
配饰	披巾	20
服装	西装外套	20
美妆	冲牙器溶液	25
办公用品	伸缩教鞭	20
食品	植物肉	21
食品	芝麻酱	21
电子配件	相机保护壳	25
智能家居与安防	数码摄像机	20
体育用品	迷你靶场	25
运动服装	骑行袜	20
办公设备	扫描仪	21
配饰	眼镜链	20
食品	玉米饼	21
汽车配件	底盘高度传感器	20
汽车配件及改装件	汽车刮水器	20
配饰	镜框	20
美妆	睫毛夹	25
园艺设备	园艺设备	23
智能手机及数码产品	官翻手机	15
服装	长裤	20
体育用品	运动水壶	25
办公家具及商业设备	儿童书桌	20
手动工具及配件	激光眼镜	20
食品	冷冻汤	21
汽车配件	碳罐系统	20
宗教与玄学	圣油涂抹套装	25
建筑材料	钢筋混凝土制品	21
鞋类	短靴	17
电动工具及设备	打磨机	20
厨房电器	电饭煲	18
手动工具及配件	加长套筒	20
手工制品	烫钻笔	23
健康用品	戒烟用品	25
摩托车用品	摩托车座套	20
体育用品	油碟配件	25
美妆	身体妆前乳	25
运动配件	脱钩器	25
健康用品	辅助行走站立架	25
汽车配件	增压压力调节器	20
汽车配件及改装件	机油桶	20
家用电器	黄油搅拌器	18
食品	煎肉饼	21
餐具器具	锡纸盒	26
运动鞋	摔跤鞋	17
气候电器	水质离子化器	18
汽车配件及改装件	后备箱垫	20
运动配件	牵马绳	25
烟具	水烟炭盆	22
食品	酸奶	21
汽车配件	压力调节器配件	20
汽车配件	离合器操纵系统	20
婴儿用品	儿童剪刀	22
大家电	大家电	17
电子配件	吸尘器吸头	18
内衣	保暖袜	20
专业乐器	电钢琴	21
药品	戒烟/戒酒药	22
节庆用品	礼品袋	26
运动服装	专业训练泳裤	20
家居装饰品	烛台	25
工作服及防护用品	医用围裙	25
健康用品	晕车贴	25
体育用品	触发装置	25
汽车配件及改装件	行李舱	20
气候电器	电热水袋	18
汽车配件	化油器维修包	20
园艺工具及灌溉用品	手摇松土器	20
食品	麦芽汁	21
专业乐器	小号	21
电脑及笔记本	电脑电源	18
个护健康	多功能造型器	18
健康用品	弹力腿套	25
食品	泡打粉	21
电子配件	灶具零件	22
手动工具及配件	卷尺	20
汽车配件	脚踏板	20
运动营养品及化妆品	氨基酸	23
发饰	中国发簪	20
鞋类	乐福鞋	17
宠物用品	动物绷带	19
美妆	洗头床枕垫	25
家用电器	鞋套穿戴机	18
饰品	饰品	22
发饰	螺旋夹	20
电子配件	对讲机	18
食品	烤肉串	21
汽车化学品及美容用品	汽车底漆	20
汽车配件	喷油嘴	20
兽药	宠物免疫增强剂	20
交通工具	船屋	18
健康用品	穿袜辅助器	25
专业乐器	MIDI控制器	21
体育用品	马刺带	25
婴儿用品	婴儿腹绞痛带	22
汽车配件及改装件	儿童座椅配件	20
电子配件	磁带	18
装修材料	门密封条	20
体育用品	杠铃杆	25
汽车配件	发动机总成	20
园艺用品	花架	25
宠物用品	宠物护理油	19
卫浴	淋浴喷头	20
电工电气	接触器	21
手动工具及配件	钢筋绑扎钩	20
装修材料	瓷砖	20
建筑材料	木材自攻螺丝	21
汽车配件	控制单元	20
手动工具及配件	大锤	20
宠物用品	宠物T恤	19
汽车配件及改装件	捆扎带	20
宠物用品	鱼缸水管	19
体育用品	雪橇靠背	25
餐具器具	锅架	26
体育用品	高度计	25
影音设备	黑胶唱机	18
手工制品	画布	23
网络设备	PoE供电模块	19.5
体育用品	滑雪板支架	25
健康用品	医用压舌板	25
家居装饰品	组合装饰画	25
餐具器具	托盘	26
美妆	消毒包装袋	25
成人用品	情趣项圈	25
汽车化学品及美容用品	防雨喷雾	20
汽车化学品及美容用品	防粘胶残留剂	20
婴儿用品	插座防护盖	25
婴儿服装	婴儿睡裙	21
体育用品	瑜伽椅	25
卫浴	热传导液	20
手动工具及配件	焊接面罩	23
鞋类配件	凝胶鞋垫	17.5
手动工具及配件	扳手	20
运动鞋	跆拳道鞋	17
窗帘及配件	罗马窗帘	24
汽车配件	汽车密封垫	20
电子配件	防走失牵引绳	18
食品	扁豆片	21
体育用品	游戏场地标线	25
饰品	领带夹	17
食品	肉泥	21
手动工具及配件	铲斗	20
大家电	洗碗机	17
园艺工具及灌溉用品	户外温度计	20
体育用品	钓鱼钳	25
健康用品	牙科器械盒	25
电工电气	光纤终端盒	21
体育用品	修边器	25
汽车配件	连接头	20
气候电器	电热盖毯	18
家居装饰品	厨房标识牌	25
装修材料	装饰梁	20
烟具	烟盒	22
餐具器具	纸巾架	26
运动配件	马胸绳	25
成人用品	情趣丝带	25
体育用品	鱼钩	25
体育用品	战术背心	25
玩具	儿童家具	24
食品	奶油布丁	21
美妆	睫毛延长胶	25
餐具器具	高压锅	26
专业乐器	吉他调音器	21
运动配件	其他渔具	25
体育用品	气枪充气瓶	25
厨房电器	慢炖锅	18
装修材料	防盗窗	20
内衣	内衣	20
厨房电器	电动切碎机	18
婴儿服装	儿童皮夹克	21
婴儿服装	连体哈衣	21
办公用品	病历	24
园艺设备	杀虫灯	17
美妆	牙齿装饰品	25
配饰	保护箱	20
汽车配件	废气再循环系统	20
食品	米纸	21
食品	肉卷饼	21
食品	内脏	21
厨房电器	冰淇淋机	18
玩具	儿童电脑	24
专业乐器	口风琴	21
汽车配件及改装件	踏板防滑垫	20
成人用品	性爱机器包	25
汽车配件	压力传感器	20
手动工具及配件	断线钳	20
柜类家具及储物家具	衣帽间抽屉	20
运动营养品及化妆品	关节韧带补充剂	23
食品	大麦米	21
家居装饰品	干花	25
家居用品	捕鼠笼	23
家居清洁用品	衣物上浆剂	23
配饰	扇子	20
电子配件	便携式音响包	25
成人用品	贞操带	25
手动工具及配件	台阶踏板	20
健康用品	隐形眼镜	25
影音设备	DJ控制器	22
珠宝饰品	珠宝套装	17
汽车化学品及美容用品	汽车清洁剂	20
园艺工具及灌溉用品	园艺手套	20
电子配件	电线夹	20
专业乐器	乐器支架	21
家居清洁用品	洗碗机专用凝胶	23
电动工具及设备	电镐	20
电子配件	实验室电源	18
成人用品	情趣口红	25
智能家居与安防	紧急出口按钮	20
体育用品	V刹配件	25
汽车配件	机油冷却器	20
健康用品	医用灌肠器	25
汽车	汽车	11.5
配饰	名片夹	20
美妆	包裹绷带	25
体育用品	登山杖杖尖	25
家居清洁用品	除垢剂	23
汽车配件及改装件	水箱保温罩	20
电工电气	收发器	18
装修材料	装饰涂料	20
汽车配件	空气质量流量传感器	20
轮胎及轮毂	摩托车轮胎	20
车载电子	车载充电器	20
食品	酵母	21
配饰	衬衫前襟	20
园艺用品	装饰摄影背景布	25
园艺设备	园艺器材配件	23
即食食品	烘焙食品	26
珠宝饰品	珠宝戒指	17
体育用品	睡袋	25
汽车配件	后雾灯	20
食品	果冻	21
办公家具及商业设备	档案柜	20
饰品	耳环	17
汽车配件及改装件	座椅气囊	20
餐具器具	花刀	26
家用纺织品	靠垫	25
汽车配件及改装件	汽车音响转换线束	20
手动工具及配件	校准仪器	21
餐具器具	沥水篮	26
家居用品	家用盆	23
办公用品	笔芯	24
电脑及笔记本	显卡	16.5
专业乐器	金贝鼓	21
体育用品	平衡盘	25
餐具器具	鸡蛋分离器	26
美妆	眉毛睫毛染色剂	25
卫浴	排水过滤网	20
鞋类配件	脱鞋器	17.5
宠物用品	宠物棉签	19
酒类	干邑	21
家居用品	洗碗布	23
汽车配件	离合器壳体	20
汽车配件	燃油散热器	20
建筑材料	索具绳索	21
食品	植物提取物	21
婴儿服装	婴儿牛仔裤	21
食品	排骨	21
建筑材料	结构材料	21
药品	抗肿瘤药	22
内衣	束身衣	20
体育用品	自行车液压油管	25
体育用品	战术腰带	25
柜类家具及储物家具	柜类家具及储物家具	20
玩具	解压泥	24
机油及工业油液	防冻液	20
体育用品	摇摆鱼饵	25
手工制品	散珠	23
体育用品	自行车后视镜	25
运动配件	手机臂包	25
园艺工具及灌溉用品	软管卷盘及推车	25
婴儿用品	奶瓶清洁刷	22
婴儿用品	婴儿跳跳椅	22
成人用品	情趣真空泵	25
建筑材料	外墙砖	21
家用电器	手表盒	18
餐具器具	烹饪捆扎绳	26
食品	速冻包子	21
建筑材料	覆盖材料	21
电子配件	电视机支架	22
办公用品	绘图板	24
建筑材料	装饰板条	21
家用电器	家电灯泡	18
小型家具	玄关镜	20
汽车配件	脉动阻尼器	20
窗帘及配件	印花窗帘纱	24
手动工具及配件	工具箱	20
体育用品	跑步机	25
餐具器具	蒜泥压制器	26
玩具	太空沙	24
家居用品	浴室窗帘杆	23
建筑材料	护墙板	21
兽药	宠物激素药	20
运动配件	滑雪手套	25
汽车配件	节温器壳体	20
装修材料	墙板	20
运动配件	潜水手套	25
体育用品	车灯	25
露营及休闲用品	烤签架	25
办公家具及商业设备	促销盒	20
电动工具及设备	抛光机	20
建筑材料	建筑石膏	21
大家电	衣物护理机	17
机油及工业油液	尿素	20
美妆	待产包	25
体育用品	墙靶	25
烟具	水烟管	22
露营及休闲用品	庭院伞	25
餐具器具	多层蒸笼	26
体育用品	自行车防扎胎垫	25
食品	新鲜香草和生菜	21
气候电器	电采暖锅炉	26
电脑外设及配件	U盘	20
家居用品	玻璃陶瓷刮刀	23
专业乐器	鼓	21
食品	格瓦斯	21
食品	沙琪玛	21
手动工具及配件	胶水刷	20
游戏机与游戏	游戏主机	17
办公用品	铅笔	24
体育用品	船用阀门	25
玩具	玩具停车场	24
专业乐器	和声琴	21
汽车配件	门锁执行器	20
电子配件	游戏机套	25
餐具器具	茶炊	26
办公家具及商业设备	客流计数器	23
手动工具及配件	裁纸刀片	20
柜类家具及储物家具	衣柜组合	20
节庆用品	派对套装	26
体育用品	电动滑板车	18
摩托车用品	雪地摩托保险杠	20
办公家具及商业设备	老板椅	20
体育用品	鱼捞网	25
个护健康	美容喷枪	18
园艺工具及灌溉用品	园艺储水罐	25
宠物用品	碗垫	19
美妆	冲牙片	25
运动服装	运动背带裤	20
餐具器具	包饺子模具	26
体育用品	防水裙	25
玩具	沙池罩	24
婴儿内衣	婴儿保暖背心	20
个护健康	纹身设备	18
体育用品	攀冰镐	25
餐具器具	酒刀	26
内衣	船袜	20
卫浴	管件	20
软体家具	软体家具	20
婴儿内衣	婴儿内衣背心	20
装修材料	天花板	20
园艺工具及灌溉用品	园艺三通和分水器	25
家居装饰品	LED装饰树	25
运动鞋	举重鞋	17
婴儿食品	儿童酸奶饮品	20
鞋类配件	防水喷雾	17.5
电脑及笔记本	笔记本电源适配器	20
工作服及防护用品	呼吸器包	19
办公用品	放大镜支架	24
家用电器	扫地机器人导航系统	18
运动配件	护腿板	25
体育用品	走扁带套装	25
手工制品	手工艺纸	23
配饰	肩背带	20
餐具器具	沥水垫	26
汽车配件及改装件	气门弹簧压缩器	20
汽车配件	牵引系统拉线	20
美妆	吸汗贴	25
办公用品	粉笔	24
办公用品	胶水	24
定制家具	厨房模块	20
卫浴	水龙头喷嘴	20
家居用品	熨烫板支架	23
配饰	托特包	20
汽车配件及改装件	车载冰箱	20
电子配件	数码手写笔	20
烟具	水烟扩散器	22
婴儿用品	儿童家具配件	25
汽车配件	汽车橡胶水管	20
美妆	美容蜡	25
家居装饰品	冰箱贴	25
办公用品	美术漆	24
手动工具及配件	油漆托盘	20
食品	豌豆粒	21
食品	咸酸奶	21
汽车配件	传感器	20
即食食品	即食酱料	26
体育用品	桨	25
图书与光盘	二手书套装	21
装修材料	实木地板	20
园艺用品	蛭石	25
厨房电器	多功能锅内胆	18
厨房电器	电动面条机	18
餐具器具	漏斗	26
体育用品	台球杆	25
美妆	修脚套装	25
家居装饰品	纪念钥匙	25
电子配件	显微镜滤光片	18
汽车配件	驾驶室悬架系统	20
体育用品	水袋清洁刷	25
露营及休闲用品	化粪池处理剂	25
手工制品	软尺	23
装修材料	地毯砖	20
美妆	真空拔罐	25
餐具器具	去核器	26
配饰	眼镜固定器	20
办公用品	书架	24
办公用品	日志	24
摩托车用品	液压滤芯	20
汽车配件	发动机盖	20
电子配件	手机钢化膜	22
家居用品	搓衣板	23
健康用品	浴缸升降器	25
建筑材料	三明治面板	21
汽车配件及改装件	车顶自行车架	20
食品	蜂胶	21
电工电气	工业插座	21
烟具	炭火电炉	22
园艺用品	植物生长调节剂	25
园艺用品	种薯	25
汽车化学品及美容用品	快速启动液	20
婴儿用品	儿童水瓢	22
家居用品	厨房刷	23
园艺工具及灌溉用品	桶内衬	25
节庆用品	婚礼小礼盒	26
体育用品	教练棒	25
食品	土豆片	21
软体家具	矮凳	20
玩具	幻灯机	24
手工制品	缝纫袖口	23
成人用品	情趣胸贴	25
电子配件	平板显示屏	18
卫浴	淋浴温度计	20
餐具器具	甜点勺	26
摩托车用品	摩托车仪表盘	20
餐具器具	餐具套装	26
工作服及防护用品	外骨骼	23
办公用品	奖状与证书	24
食品	番茄膏	21
手动工具及配件	电钻附件	20
园艺工具及灌溉用品	地面泵	17
婴儿内衣	婴儿衬裤	20
鞋类配件	靴内衬	17.5
大家电	半自动洗衣机	17
节庆用品	假发套	26
宠物用品	宠物染毛膏	19
体育用品	箭	25
健康用品	压力连裤袜	25
服装	浴裙	20
体育用品	自行车脚踏	25
家居用品	空调清洗罩	23
健康用品	外科镊子	25
交通工具	踏板车	18
家居清洁用品	去渍剂	23
家居装饰品	照片夹	25
节庆用品	礼品手提袋	26
家居装饰品	花瓶	25
手动工具及配件	湿度计	20
小型家具	家具装饰件	20
鞋类配件	泡沫型鞋用清洗剂	17.5
发饰	自动夹	20
美妆	发际线粉	25
手动工具及配件	滚筒刷手柄	20
建筑材料	轻钢结构型材	21
珠宝饰品	珠宝吊饰	17
运动服装	芭蕾舞短裙	20
家居用品	家用袋	23
汽车配件及改装件	汽车防护隔断	20
手工制品	绘画工具套装	23
家用电器	电子香薰机	18
体育用品	运动垫	25
汽车配件及改装件	气喇叭	20
食品	菊苣	21
卫浴	热水器加热器	20
食品	烘焙馅料	24
卫浴	马桶座圈	20
手工制品	编绳器	23
露营及休闲用品	烤串签保护套	25
办公用品	人体解剖模型	24
园艺工具及灌溉用品	缝隙除草器	20
照明设备	LED灯带	24
个护健康	脱毛器	18
汽车配件及改装件	反光三角牌	20
运动配件	折叠坐垫	25
汽车配件	排气歧管	20
汽车配件	辅助大灯	20
家居清洁用品	防虫剂	23
宠物用品	宠物项圈	19
体育用品	水袋	25
鞋类	厚底运动鞋	17
宠物用品	宠物绷带	19
体育用品	镖羽	25
家用电器	餐具加热烘干机	18
家居清洁用品	片状盐	23
电动工具及设备	电雕刻笔	20
玩具	火车和蒸汽机车	24
电动工具及设备	气钉枪	20
体育用品	蹦床零件	25
手动工具及配件	泡沫切割笔	20
建筑材料	丁字型材	21
餐具器具	酒壶	26
婴儿用品	奶瓶吸管	22
发饰	假发	20
装修材料	填缝剂清洁剂	20
装修材料	拼接泡沫地垫	20
美妆	加固指甲油	25
美妆	理发围裙	25
美妆	临时纹身胶	25
汽车配件	离合器总成	20
手动工具及配件	喷砂磨料	20
装修材料	玻璃纤维壁布	20
服装	卡普里裤	20
健康用品	保暖腰带	25
美妆	敷脸冰格	25
健康用品	术后运动内衣	25
体育用品	高尔夫套装	25
汽车配件及改装件	牵引挂钩	20
卫浴	水过滤系统桶	20
汽车配件及改装件	酒精测试仪	20
食品	蜂蜜坚果	21
装修材料	窗台石材	20
手动工具及配件	瓷砖找平器	20
手动工具及配件	套筒	20
美妆	牙菌斑指示片	25
体育用品	瑜伽轮	25
汽车配件及改装件	日行灯	20
食品	甜馅饺子	21
工作服及防护用品	警示胶带	23
玩具	海洋球	24
体育用品	钓鱼扣	25
体育用品	夜视仪	25
卫浴	水龙头固定件	20
宠物用品	宠物护爪霜	19
露营及休闲用品	烟熏木屑	25
婴儿用品	新生儿排气管	22
摩托车用品	摩托车骑行靴	20
汽车配件及改装件	临时停车牌	20
体育用品	其他运动器材	25
电动工具及设备	液压设备	20
工作服及防护用品	全景面罩贴膜	23
图书与光盘	教育地图集	21
柜类家具及储物家具	儿童斗柜	20
手动工具及配件	电缆剪	20
卫浴	流水过滤器	20
体育用品	俯卧撑计数支架	25
汽车配件及改装件	绞车锚	20
装修材料	墙纸装饰边	20
玩具	乐高积木	24
配饰	相机背包	20
食品	恰巴塔	21
汽车配件	皮带轮	20
婴儿服装	婴儿贴身内衣套装	21
摄影器材	视频信号发射器	20
节庆用品	皮纳塔	26
露营及休闲用品	桑拿石	25
婴儿服装	婴儿羽绒服	21
美妆	美容胶带	25
电工电气	石英晶体振荡器	21
内衣	保暖套装	20
美妆	润肤乳液	25
家用纺织品	家具罩	22
玩具	解压玩具	24
婴儿服装	婴儿运动衫	21
花园家具	花园餐桌	20
汽车配件	车轮动平衡机	20
汽车配件	安全气囊	20
办公用品	书写笔	24
食品	大豆	21
办公用品	修正带	24
健康用品	鼻过滤器	25
体育用品	越野滑雪板	25
节庆用品	旗帜	26
婴儿用品	防撞帽	22
装修材料	窗户密封条	20
园艺用品	花盆接水盘	25
节庆用品	人造圣诞树	23
汽车配件及改装件	车轮螺栓	20
体育用品	无内胎气门嘴	25
体育用品	儿童车把套	25
体育用品	武器配件	25
摩托车用品	全地形车绞盘	20
美妆	化妆工具收纳盒	25
园艺工具及灌溉用品	植物喷雾器	25
家居装饰品	香薰灯油	25
运动服装	体操泳衣	20
园艺用品	育苗箱	25
电工电气	延长线	21
鞋类配件	鞋面光亮剂	17.5
婴儿用品	水温计	22
运动服装	桑搏服	20
电子配件	GPS追踪器	18
装修材料	楼梯	20
家居装饰品	生物乙醇燃料	25
美妆	磨砂膏	25
健康用品	起床辅助设备	25
汽车配件	散热风扇	20
配饰	套头围脖	20
体育用品	健身杆	25
汽车配件及改装件	安全带插扣	20
餐具器具	饮料桶	26
软体家具	家具面料	20
汽车配件	燃气设备套件	20
体育用品	汽灯	25
健康用品	医用夹具	25
体育用品	车把带	25
家居清洁用品	家具护理蜡	23
宠物用品	干粮	19
婴儿服装	儿童派克大衣	21
车载电子	报警器遥控器	20
婴儿食品	儿童牛奶	20
宠物用品	宠物半裙	19
食品	冷冻蔬菜	21
汽车配件	同步器齿环	20
汽车配件	雨刮器电机	20
手动工具及配件	折叠梯	20
露营及休闲用品	烤炉及烤架罩	25
图书与光盘	乐谱	21
汽车配件及改装件	卡车工具箱	20
内衣	中筒袜	20
小型家具	带镜玄关组合	20
体育用品	保温箱	25
健康用品	诊断手电筒	25
汽车配件	飞轮	20
园艺设备	吹风机	17
食品	糖衣干果	21
汽车化学品及美容用品	汽车自喷漆	20
服装	连帽卫衣	20
宠物用品	动物麦片	19
配饰	钟表工具及配件	20
美妆	分趾套	25
婴儿服装	婴儿开衫	21
汽车配件及改装件	侧踏板	20
汽车配件及改装件	汽车配件及改装件	20
照明设备	灯罩	24
车载电子	倒车摄像头	20
美妆	漂发剂	25
建筑材料	吊环螺丝	21
汽车配件	膨胀水箱盖	20
厨房电器	电蒸锅	18
专业乐器	鼓脚	21
美妆	美发工具包	25
智能家居与安防	电动开窗器	20
汽车配件及改装件	隔音棉	20
健康用品	医用湿巾	25
手动工具及配件	带锯条	20
露营及休闲用品	沙滩垫	25
运动服装	单板滑雪夹克	20
装修材料	墙纸去除剂	20
汽车配件	汽车安全带	20
美妆	美发头模	25
成人用品	振动内裤	25
手动工具及配件	钢锯	20
婴儿食品	婴儿果汁	20
卫浴	分流器	20
运动服装	运动长裤	20
汽车配件	玻璃水喷嘴	20
家居装饰品	恒温加湿器	25
美妆	纹身去除液	25
配饰	毛领	20
影音设备	视频信号调制器	22
体育用品	雪地摩托手套	25
轮胎及轮毂	二手汽车轮胎	18
电子配件	防尘塞	25
体育用品	瑜伽砖	25
家居装饰品	纪念金币	25
卫浴	展台底座	20
汽车配件	乳化剂管成分	20
宠物用品	宠物毛衣	19
Wildberries礼品卡	Wildberries实物礼品卡	26
汽车配件及改装件	备用油桶	20
家用电器	真空密封袋	18
家居装饰品	餐巾纸架	25
宠物用品	清理叉	19
电子配件	洗碗机配件及零件	22
图书与光盘	外文书籍	21
汽车配件及改装件	汽车隔热材料	20
手动工具及配件	喷枪配件	20
汽车配件	真空助力泵	20
配饰	印花头巾	20
运动配件	运动臂包	25
体育用品	自行车变速指拨	25
健康用品	牙菌斑指示剂	25
汽车配件	车轴垫圈	20
软体家具	厨房沙发	20
汽车配件	排气歧管垫片	20
体育用品	户外炉头	25
体育用品	罗马椅	25
婴儿服装	儿童骑行裤	21
健康用品	术后紧身衣	25
餐具器具	烹饪喷火枪	26
电子配件	手机模型	22
手动工具及配件	水平管	20
健康用品	注射用涂药器	25
个护健康	冲牙器	18
建筑材料	桩柱	21
服装	牛仔裤	20
美妆	润肤膏	25
露营及休闲用品	秋千遮阳篷	25
宠物用品	宠物治疗喷雾	19
电动工具及设备	户外电源	20
工作服及防护用品	工作帽	25
宠物用品	宠物安全带	19
手动工具及配件	焊接支架	20
个护健康	电子秤	18
手工制品	刺绣收纳盒	23
成人用品	情趣连衣裙	25
食品	发酵剂	21
健康用品	听诊器	25
手工制品	夜光粉	23
办公用品	胶带	24
园艺用品	球根花卉	25
网络设备	电力猫	19.5
园艺工具及灌溉用品	泵站	17
运动营养品及化妆品	能量补充剂	23
美妆	淡香精	25
餐具器具	糖果台套装	26
办公设备	便携式打印机	21
运动配件	滑板车滑雪板	25
办公设备	多功能一体机	21
手工制品	记号扣	23
成人用品	情趣打底裤	25
食品	泽菲尔软糖	21
运动营养品及化妆品	能量胶	23
体育用品	射鱼枪	25
建筑材料	沥青胶泥	21
家用电器	室内恒温器	18
运动配件	压缩袋	25
汽车配件及改装件	点烟器一拖三	20
婴儿服装	儿童披风	21
婴儿食品	儿童水果罐头	20
电脑及笔记本	笔记本支架	20
家居装饰品	耳机架	25
家用电器	缝纫机伺服电机	18
体育用品	船配件	25
柜类家具及储物家具	电视架	20
露营及休闲用品	桑拿浸泡桶	25
运动配件	钓鱼包	25
发饰	丸子头盘发器	20
美妆	指甲增强和生长产品	25
家居装饰品	摄影背景布	25
酒类	施纳普斯酒	17
摄影器材	相机防护箱	20
园艺工具及灌溉用品	融雪剂	20
园艺用品	育苗块	25
汽车配件	排气系统	20
服装	战壕风衣	20
婴儿用品	蒸煮搅拌一体机	22
手动工具及配件	内六角扳手	20
手动工具及配件	超声波探测器	20
建筑材料	彩钢板	21
节庆用品	礼盒套装	23
手动工具及配件	电锯导板	20
专业乐器	吉他练习器	21
玩具	儿童电动车遮阳篷	18
运动配件	游泳手环	25
健康用品	喉糖	25
家居装饰品	带框装饰画	25
宠物用品	鱼缸吸污器	19
健康用品	脂肪测量仪	25
健康用品	移动升降机	25
节庆用品	新年灯饰	26
厨房电器	滚揉机	18
配饰	手套防丢带	20
卫浴	浴缸修理套件	20
食品	蟹腿	21
轮胎及轮毂	摩托车内胎	20
摩托车用品	骑行装备配件	20
鞋类配件	凝胶防滑垫	17.5
家用纺织品	脚吊床	25
健康用品	碘酒	25
体育用品	旅游炊具套件	25
食品	糖水水果罐头	21
体育用品	体育锥	25
个护健康	冲牙器喷头	18
摄影器材	视频设备支架	20
运动服装	护腿套	20
体育用品	负重沙袋	25
宠物用品	宠物洗发水	19
卫浴	下水道疏通器	20
运动服装	运动长袖T恤	20
卫浴	焊接三通燃气水管	20
卫浴	供暖系统清洗泵	20
办公用品	印台	24
家用电器	冰箱搁架	18
园艺工具及灌溉用品	潜水泵	17
健康用品	简易呼吸器面罩	25
汽车配件及改装件	拖挂工具箱	20
软体家具	家具填充棉	20
装修材料	猫眼	20
体育用品	冰鞋	25
配饰	领结	20
家居用品	干衣机	23
服装	衬衫	20
餐具器具	杯托	26
运动服装	护裆	20
摩托车用品	摩托车化油器	20
玩具	指尖陀螺	24
手动工具及配件	台虎钳	20
运动配件	训练护腰带	25
配饰	钥匙标签	20
摄影器材	视频信号切换器	20
体育用品	滑水板	25
汽车配件	气缸锁	20
摄影器材	儿童相机	20
药品	消化系统药物	22
体育用品	安全背心	25
电子配件	微波炉配件	18
成人用品	跳蛋	25
健康用品	医用坡道	25
家用电器	洗牙器	18
食品	土豆泥粉	21
食品	馒头	21
工作服及防护用品	防毒面罩	23
电工电气	线槽	21
婴儿用品	儿童桌布	22
配饰	行李箱挂牌	20
家居用品	三聚氰胺海绵	23
机油及工业油液	刹车液	20
健康用品	机械卡尺	25
运动配件	芭蕾舞鞋带	25
柜类家具及储物家具	衣柜	20
电工电气	变压器	21
药品	泌尿系统药物	22
工作服及防护用品	工作手套	25
宗教与玄学	祭奠花圈	25
体育用品	户外刀	25
体育用品	冰球包	25
手动工具及配件	撬棍	20
手动工具及配件	凿子	20
健康用品	高频电疗仪	22
宠物用品	猫砂铲	19
运动鞋	滑雪鞋套	17
食品	派	21
食品	奶酪饼	21
健康用品	输液器套装	25
兽药	宠物抗生素	20
家居装饰品	香薰扩香器配件	25
餐具器具	茶叶过滤器	26
车载电子	车载水壶	20
汽车配件	推杆	20
图书与光盘	隐喻联想卡片	21
花园家具	花园凳子	20
汽车配件	正时链条	20
健康用品	术后康复鞋	25
宗教与玄学	教堂器皿	26
美妆	止汗剂	25
汽车配件及改装件	刹车油测试笔	20
运动配件	钓鱼剪刀	25
汽车配件	雾灯灯罩	20
运动配件	滑雪头盔	25
宠物用品	宠物治疗霜	19
手工制品	针线机	23
办公家具及商业设备	家具把手	20
个护健康	美发造型套装	18
饰品	饰品吊坠	17
体育用品	减震胶垫	25
气候电器	暖风机滤网	18
图书与光盘	报纸	21
婴儿用品	婴儿洗头帽	22
体育用品	电动滑板	18
健康用品	滴管	25
宠物用品	电脉冲训练器	19
兽药	宠物胃肠道及肝病药	20
珠宝饰品	珠宝钉	17
体育用品	碰碰球	25
婴儿用品	婴儿食品袋	22
运动鞋	格斗袜	17
成人用品	情趣冲洗器	25
专业乐器	俄式三弦琴	21
体育用品	乒乓球桌	25
体育用品	皮头	25
食品	纸杯蛋糕	21
成人用品	延时喷剂	25
食品	意大利面酱	21
办公家具及商业设备	笔记本电脑桌	20
家居装饰品	装饰托盘	25
园艺用品	垫料用菌	25
办公家具及商业设备	美容床	20
美妆	沐浴闪光粉	25
家居清洁用品	蒸烤箱清洁剂	23
鞋类	平底单鞋	17
配饰	零钱包	20
运动服装	健身束腰带	20
电子配件	电子闹钟	18
食品	斯佩尔特小麦片	21
运动配件	裁判计数器	25
药品	草药	22
建筑材料	施工电缆	21
餐具器具	酒瓶塞	26
餐具器具	开瓶器套装	26
节庆用品	孔明灯	26
家居用品	除尘器	23
办公设备	塑封机	21
体育用品	自行车变速系统	25
餐具器具	纪念叉	26
婴儿内衣	婴儿防寒连体服	20
发饰	盘发棒	20
运动配件	裁判记分牌	25
软体家具	贵妃榻	20
汽车化学品及美容用品	划痕修复剂	20
内衣	连裤袜	20
美妆	干发喷雾	25
宠物用品	训练哨	19
体育用品	冥想垫	25
健康用品	防打鼾口罩	25
摩托车用品	摩托车消音器	20
轮胎及轮毂	轮胎气门嘴及转接头	20
家居清洁用品	洗衣凝露	23
家用电器	缝纫机	18
厨房电器	搅拌机头	18
餐具器具	香肠灌肠器	26
卫浴	浴缸架	20
运动配件	蹄刷	25
兽药	宠物骨骼肌肉药	20
健康用品	一次性医用耗材	25
运动鞋	拉丁舞鞋	17
运动配件	运动配件	25
美妆	发胶	25
专业乐器	鼓圈	21
食品	能量饮料	21
食品	黑麦	21
卫浴	水龙头出水嘴	20
体育用品	羊角把	25
办公用品	日记本	24
家居装饰品	传唤铃	25
餐具器具	手摇磨豆机	26
内衣	保暖连体裤	20
办公用品	装饰麻线	24
成人用品	情趣手镯	25
健康用品	起身辅助带	25
宠物用品	动物皮带	19
影音设备	影音设备	18
机油及工业油液	液压油	20
园艺工具及灌溉用品	水泵维修包	23
柜类家具及储物家具	儿童衣柜	20
体育用品	尾波板支架	25
配饰	配饰	20
食品	含果汁饮料	21
宠物用品	开结梳	19
图书与光盘	家谱书	21
手动工具及配件	吸尘袋	20
即食食品	炒面	21
建筑材料	修复混合物	21
汽车配件	离合器片	20
图书与光盘	音乐光盘	21
汽车配件及改装件	手油泵	20
玩具	风筝	24
装修材料	软窗配件	20
宠物用品	马铃铛	19
汽车配件	车顶行李架纵梁	20
运动营养品及化妆品	蛋白糕点棒	23
家居清洁用品	电热蚊香液	23
食品	巧克力棒	21
宠物用品	训犬鞭	19
鞋类配件	鞋带夹	17.5
建筑材料	固定板	21
手动工具及配件	锯片	20
美妆	睫毛胶水激活剂	25
成人用品	情趣香氛	25
园艺工具及灌溉用品	工具柄	20
汽车配件及改装件	车身减震器	20
食品	小苏打	21
家居用品	清洁手推车	23
厨房电器	烤面包机配件	18
成人用品	成人玩具套装	25
汽车配件及改装件	道路缓冲器	20
手动工具及配件	发电机配件	20
收纳	墙壁挂钩	24
体育用品	运动基地	25
卫浴	卫浴	20
电动工具及设备	感应加热器	20
装修材料	入户门雨篷	20
成人用品	信息素浓缩液	25
软体家具	厨房转角沙发	20
体育用品	吊床	25
餐具器具	餐具器具	26
办公用品	绘画围裙	24
食品	蛋黄酱	21
装修材料	底漆	20
健康用品	术后紧身裤	25
园艺用品	户外面料	25
汽车配件	正时维修包	20
体育用品	平衡滑步车	25
汽车配件及改装件	座椅垫	20
玩具	迷宫玩具	24
体育用品	雪板备用轨	25
卫浴	油脂分离器	20
酒类	苹果白兰地	21
园艺设备	动力钻配件	23
建筑材料	沥青底漆	21
鞋类配件	扩鞋器	17.5
食品	麸皮	21
花园家具	藤编扶手椅	20
花园家具	藤编椅	20
汽车配件	转向柱调节器	20
美妆	唇蜜	25
宠物用品	鱼缸背景纸	19
电工电气	配电箱	21
宠物用品	兽医防护手套	19
体育用品	船用拖车配件	25
建筑材料	固定带	21
兽药	宠物驱虫药	20
露营及休闲用品	泳池用双氧水	18
服装	浴袍	20
鞋类配件	鞋乳	17.5
家用纺织品	床头挂袋	25
婴儿用品	牙胶链	22
健康用品	止鼾器	22
电子配件	孵化器	18
汽车配件	汽车O型密封圈	20
照明设备	线条灯	24
运动配件	游泳帽	25
家用电器	烘鞋器	18
体育用品	拳击沙袋	25
建筑材料	安装型材	21
健康用品	植入式端口系统	25
小型家具	梳妆台	20
家居装饰品	相框配件	25
摩托车用品	游艇配件及零部件	20
鞋类配件	鞋类清洁剂	17.5
宠物用品	宠物毛巾	19
家居用品	垃圾桶	23
电子配件	理发器刀头	18
露营及休闲用品	桑拿窗	25
电子配件	SIM卡取卡针	22
宠物用品	蚂蚁巢装饰	19
体育用品	儿童滑雪单板	25
美妆	浴盐	25
家用纺织品	抱枕套	25
家居清洁用品	洗碗机清洁块	23
健康用品	药品收纳盒	25
电子配件	绞肉机配件	18
健康用品	拐杖防滑脚套	25
汽车配件	中央电器盒	20
摩托车用品	摩托车发动机	20
宠物用品	宠物伊丽莎白圈	19
体育用品	钓竿支架	25
珠宝饰品	首饰绳	17
食品	荞麦片	21
体育用品	机械碟刹	25
个护健康	加热发帽	18
建筑材料	拉钉	21
宠物用品	照蛋器	19
家用纺织品	厨房围裙	25
美妆	卫生棉条	25
汽车配件及改装件	电瓶检测仪	20
餐具器具	抽屉防滑垫	26
成人用品	BDSM蜡烛	25
电工电气	RGBW放大器	18
电子配件	洗衣机罩和垫	25
摩托车用品	全地形车升高垫块	20
体育用品	鱼线	25
体育用品	刹车块	25
汽车配件	氧气传感器	20
个护健康	冲牙器替换手柄	18
建筑材料	喷涂型保温材料	21
柜类家具及储物家具	抽屉	20
汽车配件	制动系统操纵杆	20
摩托车用品	摩托车转向灯	20
体育用品	拉力器	25
手动工具及配件	热熔胶枪	20
美妆	蜡清洁剂	25
婴儿配件	儿童手套	19
专业乐器	手鼓	21
手动工具及配件	助焊剂	20
气候电器	加热模块	18
摩托车用品	摩托车刹车油管	20
电脑外设及配件	电脑外设及配件	20
电子配件	外置声卡	18
美妆	化妆品试用装	25
婴儿用品	儿童便盆	22
婴儿用品	儿童躺椅	22
窗帘及配件	窗帘及配件	24
美妆	美甲造型凝胶	25
体育用品	渔轮	25
办公用品	艺术底漆	24
食品	果丹皮	21
配饰	背包衬垫	20
家用电器	吸尘器	18
健康用品	医用电极	25
电动工具及设备	电动工具配件	20
手动工具及配件	拆机撬棒	20
烟具	电子烟配件	22
汽车配件	汽车线束	20
数字商品	电子礼品卡	15
家居装饰品	相册	25
电子配件	加湿器及净化器配件	18
电子配件	笔记本内胆包	24
餐具器具	餐刀	26
食品	胶囊牛奶	21
玩具	嵌板拼图	24
汽车化学品及美容用品	洗车液	20
园艺用品	户外灯串	25
影音设备	功放机	22
手工制品	拆线器	23
家用纺织品	浴室地垫	25
厨房电器	电动刀	18
食品	布丁	21
电脑及笔记本	主板	16.5
手动工具及配件	转速表	20
家用电器	扫地机器人轮子	18
小型家具	桌子	20
美妆	剃须刷	25
食品	大麦苗	21
成人用品	拳交手套	25
汽车配件及改装件	汽车维修手册	20
电子配件	麦克风配件	22
工作服及防护用品	防毒面具滤盒	23
游戏机与游戏	游戏订阅服务	19
玩具	机器人玩具	24
厨房电器	厨房秤	18
电子配件	心率带	22
食品	通心粉	21
专业乐器	功放	21
食品	鱼子酱	21
婴儿服装	婴儿Polo衫	21
运动配件	伪装披风	25
食品	腌料	21
婴儿服装	儿童短上衣	21
婴儿服装	婴儿双件套	21
婴儿内衣	婴儿保暖连体衣	20
成人用品	阴茎环	25
婴儿内衣	儿童连体泳衣	20
美妆	纹身机电源	25
体育用品	冰爪	25
运动服装	运动连衣裙	20
电脑及笔记本	笔记本电池	20
美妆	烫发剂	25
体育用品	自行车防滑钉	25
手动工具及配件	测厚规	20
专业乐器	背带扣	21
建筑材料	屋顶防水材料	21
配饰	披肩	20
餐具器具	厨房置物架	26
食品	食用色素	21
健康用品	拐杖	25
健康用品	胎心检测仪	25
宠物用品	宠物护腿	19
建筑材料	地面找平砂浆	21
汽车配件	锁止机构	20
体育用品	运动用品打气筒	25
美妆	卸甲指套	25
手动工具及配件	锯链	20
电动工具及设备	气动砂轮机	20
建筑材料	装饰石材模具	21
卫浴	水槽下水器	20
卫浴	供水水箱	20
汽车配件	发动机减震支架	20
珠宝饰品	珠宝袖扣	17
婴儿用品	奶嘴	22
餐具器具	咖啡勺	26
美妆	美容泥	25
电子配件	智能手表带	22
汽车配件及改装件	汽车听诊器	20
汽车配件	牌照灯	20
汽车配件	卡箍	20
婴儿用品	婴儿浴盆	22
软体家具	懒人沙发	20
个护健康	电推剪	18
宠物用品	宠物温度计	19
食品	薄皮馅饼	21
汽车配件	汽车玻璃	20
体育用品	运动胶泥	25
宠物用品	鱼缸水质净化剂	19
运动服装	运动短裤	20
气候电器	分体式空调	17
电工电气	电缆接头	21
园艺工具及灌溉用品	草坪滚压器	20
花园家具	藤编茶几	20
露营及休闲用品	组装式户外厕所	25
宠物用品	宠物开结梳	19
办公设备	标签打印机	21
健康用品	造口袋	25
园艺用品	花园路沿石	25
卫浴	通风过滤器	20
办公用品	演示面板	24
婴儿用品	奶嘴收纳盒	22
建筑材料	抹灰粘合砂浆	21
装修材料	水性漆	20
发饰	发冠	20
厨房电器	食品温度探针	18
运动配件	台球杆套	25
专业乐器	长笛	21
运动配件	竞速泳镜	25
体育用品	运动测量仪	25
节庆用品	节日发箍	26
体育用品	船用防撞垫	25
体育用品	燃气灯配件	25
专业乐器	铃铛	21
运动服装	保暖运动长袖T恤	20
工作服及防护用品	医疗背心	25
体育用品	车座	25
汽车配件及改装件	水箱防护网	20
机油及工业油液	机油	20
手工制品	创意装饰	23
健康用品	医疗器械保护套	25
装修材料	PVC地板	20
家用纺织品	地毯	25
餐具器具	调酒器	26
露营及休闲用品	沙滩浴巾	25
露营及休闲用品	桑拿炉及蒸汽发生器	25
宠物用品	宠物衣架	19
鞋类	单鞋	17
汽车配件及改装件	汽车保护膜	20
汽车配件及改装件	汽车烟灰缸	20
手动工具及配件	撬杠	20
手动工具及配件	数控机床配件	20
餐具器具	酒瓶架	26
家居清洁用品	洗衣皂	23
食品	黑橄榄	21
汽车配件及改装件	滑板车罩	20
手动工具及配件	安装镊子	20
手工制品	画布绷架	23
体育用品	滑轮	25
园艺工具及灌溉用品	园艺斗车	20
宠物用品	拾便袋	19
配饰	对讲机套	20
建筑材料	紧固螺柱	21
体育用品	登山和攀岩配件	25
运动配件	马房挂钩	25
柜类家具及储物家具	家具底座	20
露营及休闲用品	苍蝇拍	25
食品	罐头即食菜	21
食品	干蘑菇	21
体育用品	划船机	25
工作服及防护用品	工作护膝	23
食品	炖肉丸	21
花园家具	藤编餐桌椅	20
汽车配件	汽车连杆	20
园艺用品	种植袋	25
宠物用品	绝缘件	19
个护健康	电动牙刷	18
美妆	浴泥膜	25
玩具	婴儿床挂铃	24
电子配件	手机补光灯	22
办公家具及商业设备	试衣间	23
运动配件	马蹄铁	25
汽车配件	农业机械配件	20
烟具	打火机	22
装修材料	图案壁纸	20
婴儿用品	儿童安全座椅安全带	22
成人用品	情趣浴袍	25
影音设备	媒体播放器	18
餐具器具	酒精度计	26
摄影器材	视频信号编码器	20
手工制品	缝纫机刀片	23
手动工具及配件	手动工具及配件	20
体育用品	游泳手指板	25
健康用品	矫形鞋垫	25
体育用品	训练安全带	25
宠物用品	宠物保健品	19
厨房电器	电磁炉	18
成人用品	情趣香皂	25
体育用品	换鞋脚垫	25
装修材料	纱窗维修包	20
内衣	胸罩杯垫	20
办公用品	计划本	24
手动工具及配件	油漆滤网	20
手工制品	缝纫机边桌	23
摩托车用品	摩托车专用工具	20
气候电器	电暖器	18
办公用品	墨水	24
宠物用品	宠物外出包	19
宠物用品	宠物护肤膏	19
汽车配件及改装件	路锥	20
食品	切巴契契	21
食品	鱿鱼片	21
摩托车用品	其他全地形车配件	20
露营及休闲用品	烤串签	25
体育用品	冷热敷袋	25
成人用品	震动棒配件	25
建筑材料	外墙砖配件	21
服装	真皮草大衣	20
体育用品	护齿	25
汽车配件及改装件	轮胎罩	20
手动工具及配件	木工角尺	20
食品	液态焦糖	21
餐具器具	餐具手柄	26
婴儿服装	婴儿飞行员夹克	21
成人用品	情趣餐具	25
珠宝饰品	珠宝手链	17
美妆	美甲烘干机	25
厨房电器	电煎锅	18
手动工具及配件	塞尺	20
装修材料	液体壁纸	20
健康用品	防褥疮垫	25
健康用品	注射器定量分配器	22
卫浴	电磁阀	20
运动配件	护甲	25
体育用品	拍框护带	25
电子配件	烫金热风枪	18
美妆	足浴盆	25
个护健康	睫毛卷翘器	18
健康用品	制氧机	22
体育用品	PVC船用支架	25
手动工具及配件	马刀锯条	20
手工制品	曲线板	23
食品	爆米花	21
办公家具及商业设备	美发椅	20
建筑材料	木质壁板	21
健康用品	喉镜刀片	25
汽车配件	预热调节器	20
电工电气	晶体管	21
家居用品	漱口杯	23
食品	蛋白糖	21
婴儿服装	婴儿T恤	21
园艺设备	换油工具套装	23
汽车配件	挡风玻璃	20
电工电气	微电子传感器	21
交通工具	雪地摩托牵引车模块	18
食品	石磨坚果酱	21
节庆用品	圣诞树底座	26
体育用品	飞镖	25
大家电	烤箱灶	17
装修材料	软木伸缩缝	20
成人用品	情趣模具	25
办公家具及商业设备	显示器增高架	20
手动工具及配件	建筑记号笔	20
运动配件	训练手套	25
餐具器具	酸奶杯	22
食品	米片	21
摩托车用品	摩托车开关	20
汽车配件及改装件	汽车保温毯	20
运动营养品及化妆品	左旋肉碱	23
专业乐器	节奏棒	21
健康用品	宫内节育器	25
电动工具及设备	铁砧	20
健康用品	医用器械支架	25
兽药	宠物眼耳药	20
发饰	一字夹	20
小型家具	儿童凳	20
办公用品	收藏册	24
宠物用品	宠物饮水机滤芯	19
摄影器材	视频信号解码器	20
婴儿服装	儿童马裤	21
办公家具及商业设备	税控存储器	23
美妆	美容人脸模型	25
运动配件	守门员手套	25
餐具器具	烤盘	26
小型家具	椅子	20
健康用品	医用注射器	25
体育用品	滑板车踏板	25
运动配件	自行车套	25
办公家具及商业设备	前台接待台	20
园艺工具及灌溉用品	园艺垃圾袋	20
食品	热巧克力	21
车载电子	车载逆变器	20
电子配件	富氢水杯	18
装修材料	窗户限位器	20
餐具器具	蒸馏器配件	26
建筑材料	玄武岩网格	21
小型家具	变形桌	20
汽车配件及改装件	汽车锁装置	20
电子配件	手机壳	22
体育用品	渔具箱	25
帽类	帽檐	20
餐具器具	鱼子酱碗	26
健康用品	紫外线消毒灯	22
食品	海鲜罐头	21
园艺用品	装饰井盖	25
体育用品	战术笔	25
餐具器具	手动榨汁机	26
体育用品	心率传感器	25
汽车配件	电瓶夹	20
图书与光盘	思维导图	21
园艺工具及灌溉用品	叉子	20
家居清洁用品	家居清洁用品	23
电工电气	激光发射器	21
汽车化学品及美容用品	液态橡胶	20
体育用品	游泳用品套装	25
餐具器具	锅	26
工作服及防护用品	工作袖套	23
体育用品	浮力补偿器	25
药品	呼吸系统药物	22
园艺工具及灌溉用品	室内喷壶	25
卫浴	管道固定配件	20
睡眠家具	床垫	20
珠宝饰品	珠宝笔	17
园艺用品	花盆挂架	25
美妆	甲面底胶	25
睡眠家具	儿童床垫	20
汽车配件	汽车轴颈	20
露营及休闲用品	桑拿头枕	25
兽药	宠物止吐药	20
电工电气	晶闸管及双向晶闸管	21
配饰	包袋保护套	20
体育用品	计步器	25
餐具器具	水槽收纳架	26
园艺设备	园艺机械润滑油	23
园艺用品	温室配件	25
办公家具及商业设备	理发椅	20
配饰	封套	20
健康用品	药妆	25
宠物用品	宠物洗脚杯	19
体育用品	刚性叉	25
健康用品	一次性指套	22
电工电气	双工滤波器	18
运动配件	裁判旗	25
宠物用品	宠物配件	19
玩具	沙滩模具	24
发饰	香蕉夹	20
露营及休闲用品	伞座	25
食品	沙拉酱	21
玩具	玩具食品	24
运动配件	登山杖腕带	25
汽车配件	凸轮轴驱动链套装	20
鞋类配件	凝胶垫	17.5
手动工具及配件	螺丝刀	20
体育用品	运动贴纸	25
办公用品	封口钳	24
手动工具及配件	螺母破切器	20
汽车配件	汽车后视镜	20
体育用品	除蜡剂	25
药品	骨骼肌肉系统药物	22
烟具	香烟	22
电子配件	自拍杆	22
智能手机及数码产品	无线耳机	18
美妆	刮舌器	25
美妆	睫毛隔离贴	25
卫浴	球阀燃气专用	20
手动工具及配件	钢索夹	20
摩托车用品	摩托车风镜	20
家居装饰品	存钱罐	25
体育用品	脚蹼	25
餐具器具	刀架	26
健康用品	分趾器	25
体育用品	座管夹	25
家居用品	食品包装纸	23
汽车配件及改装件	轮毂盖	20
手动工具及配件	抛光轮	20
电子配件	唱机配件	22
体育用品	锉刀导向器	25
节庆用品	纪念币	26
食品	肉慕斯	21
酒类	苦酒	21
宠物用品	饲料压块机	19
汽车化学品及美容用品	液体玻璃	20
影音设备	唱片机	22
手动工具及配件	剥线钳	20
玩具	穿绳玩具	24
办公用品	空白表单	24
体育用品	钓鱼配件	25
手动工具及配件	超声波泄漏检测仪	20
健康用品	康复训练服	25
厨房电器	灶具转换架	18
运动配件	平衡车包	25
宠物用品	动物用滴剂	19
宠物用品	猫砂盆滤网	19
家用电器	钉扣机	18
汽车配件及改装件	便携电动绞盘	20
汽车配件及改装件	其他汽车配件	20
汽车配件及改装件	应急设备	20
餐具器具	厨房支架	26
宠物用品	宠物零食袋	19
美妆	接发胶水	25
成人用品	情趣枷锁	25
手动工具及配件	金属刷	20
电动工具及设备	混凝土搅拌机	20
摩托车用品	骑行装备护理品	20
内衣	袜套	20
烟具	水烟架	22
汽车配件及改装件	空气悬挂升级件	20
餐具器具	油壶	26
美妆	剃须用凝胶	25
手动工具及配件	测距仪	20
珠宝饰品	半宝石及其他镶嵌物	15
汽车配件	汽车转接头	20
汽车配件	轴密封垫	20
运动服装	运动外套	20
智能家居与安防	监控系统	20
体育用品	车把	25
玩具	儿童喷壶	24
车载电子	车载功放	20
健康用品	碘伏	25
宠物用品	宠物碗架	19
卫浴	水龙头阀芯	20
美妆	美甲贴片架	25
个护健康	美甲吸尘器	18
婴儿用品	婴儿口水巾	22
电动工具及设备	发电机	20
婴儿用品	温度计保护帽	22
专业乐器	印度手鼓	21
酒类	伏特加	21
运动配件	格斗拳套	25
办公用品	打字机色带	24
体育用品	鱼线计数器	25
烟具	水烟清洁锥	22
睡眠家具	儿童床	20
家用电器	蒸汽清洁机	18
食品	珍珠大麦	21
电脑及笔记本	硬盘托架	20
汽车配件	车架	20
小型家具	桌面	20
园艺用品	电石	25
饰品	袖扣	17
图书与光盘	日历	21
发饰	抓夹	20
家居用品	烧烤刷	23
婴儿服装	婴儿夹克	21
家居清洁用品	皮革护理剂	23
汽车配件	空气悬挂气囊	20
健康用品	手动轮椅	25
鞋类	UGG	17
手动工具及配件	玻璃刀	20
婴儿食品	婴儿汤	20
卫浴	浴室台面	20
专业乐器	摇响器	21
电工电气	局部放电检测仪	21
酒类	利口酒	21
园艺用品	植物支架	25
运动鞋	足球鞋	17
鞋类	俄罗斯毡靴	17
宠物用品	宠物护毛素	19
专业乐器	鼓槌	21
健康用品	滴鼻剂	25
摄影器材	摄影器材	20
汽车配件	汽车软管及管路	20
汽车化学品及美容用品	万能清洁剂	20
办公用品	名牌	24
汽车配件及改装件	宠物座垫	20
汽车配件及改装件	擦车湿巾	20
体育用品	拳击绷带	25
婴儿内衣	婴儿内衣	20
运动服装	迷彩服	20
汽车配件	气缸盖垫片	20
装修材料	踢脚线配件	20
园艺工具及灌溉用品	园艺工具套装	20
手动工具及配件	铆钉枪	20
运动配件	脚底防滑贴	25
汽车配件	离合器拨叉	20
电动工具及设备	电动工具支架	20
装修材料	设备门	20
食品	新鲜蘑菇	21
帽类	帽类	20
运动配件	运动头盔	25
餐具器具	煮叉	26
花园家具	花园长凳	20
婴儿食品	婴儿饮用水	20
办公用品	剪纸机	24
宠物用品	水族箱滤材	19
专业乐器	里拉琴	21
气候电器	加湿器	18
节庆用品	礼物盒	26
手动工具及配件	金属探测仪	20
厨房电器	封口机	18
体育用品	捕鱼网	25
健康用品	滴耳液	25
汽车配件及改装件	拖车支撑腿	20
办公家具及商业设备	层板托	20
服装	毛衣	20
婴儿服装	婴儿裙子	21
汽车配件	气门室盖垫	20
健康用品	输液泵	22
园艺用品	人造草坪	25
汽车配件及改装件	连接元件	20
美妆	香水试用装	25
手工制品	织物稳定剂	23
健康用品	电子体温计	22
体育用品	健身球	25
汽车配件及改装件	油泵	20
手动工具及配件	硬度计	20
摄影器材	摄影背景道具	20
建筑材料	砌砖砂浆	21
汽车配件	转向机壳体	20
宠物用品	宠物浴缸	19
电子配件	手机贴膜	22
体育用品	卡丁车	18
家居清洁用品	马桶清洁剂	23
专业乐器	吉他一体箱	21
运动服装	运动套头衫	20
办公用品	一次性手环	24
汽车配件	机油泵驱动齿轮	20
建筑材料	卷式绝缘材料	21
家居用品	拖把	23
食品	鸡蛋	21
园艺用品	除草剂	25
建筑材料	花篮螺丝收紧器	21
定制家具	厨房橱柜	20
办公家具及商业设备	办公椅	20
汽车配件及改装件	充电端口	20
汽车配件	汽车铰链	20
烟具	水烟	22
健康用品	面部提拉线	25
婴儿服装	婴儿连衣裙	21
餐具器具	拉花模板	26
机油及工业油液	蒸馏水	20
健康用品	子宫托	25
兽药	宠物泌尿系统药	20
玩具	床铃	24
办公用品	日记簿	24
餐具器具	烹饪勺	26
汽车配件	油门拉线	20
美妆	浓缩精华液	25
婴儿用品	婴儿食品加热器	22
美妆	精华	25
个护健康	电动牙刷替换头	18
婴儿用品	儿童观察镜	22
运动服装	运动紧身衣	20
餐具器具	调料滴管	26
露营及休闲用品	化粪池	25
电子配件	3D打印笔	18
配饰	笔套	20
健康用品	储雾罐	22
健康用品	健康用品	25
健康用品	医用敷料贴	25
健康用品	双水平呼吸机	22
运动鞋	自行车锁鞋	17
柜类家具及储物家具	高架储物柜	20
美妆	卸妆产品	25
电子配件	显微镜	18
配饰	行李箱保护套	20
食品	草本茶	21
厨房电器	厨房电器	18
食品	口香糖	21
宠物用品	宠物背心	19
电子配件	反光板	18
汽车配件及改装件	止退器	20
节庆用品	狂欢节手套	26
专业乐器	箱鼓	21
餐具器具	瓶子	26
餐具器具	冰箱温度计	26
手工制品	纽扣	23
体育用品	登山夹具	25
家居用品	折叠垃圾桶	23
服装	针织开衫	20
图书与光盘	卡片套装	21
玩具	互动玩具	24
电子配件	触控笔配件	25
体育用品	滑板车轴	25
玩具	过家家厨房玩具套装	24
食品	澄清黄油	21
摩托车用品	其他摩托车配件	20
体育用品	车顶行李架	25
气候电器	电热毯	18
厨房电器	切片机	18
手动工具及配件	钢丝钳	20
办公用品	美工刀片	24
园艺设备	电动劈柴机	23
建筑材料	通用自攻螺钉	21
运动配件	运动器械护理用品	25
体育用品	内胎	25
餐具器具	罐头夹	26
宠物用品	乳头饮水器	19
园艺设备	园艺设备润滑油	23
办公家具及商业设备	办公转椅	20
汽车配件	方向盘配件	20
珠宝饰品	珠宝吊坠	17
婴儿用品	婴儿车罩	22
配饰	眼镜支架	20
园艺工具及灌溉用品	园艺堆肥箱	25
食品	橄榄	21
电子配件	睡眠追踪器	18
运动配件	鱼线卷线器	25
即食食品	即食沙拉	21
婴儿用品	婴儿爬行垫	22
家用电器	缝纫机踏板	18
露营及休闲用品	泳池过滤泵	25
宠物用品	牛用护理用品	19
小型家具	折叠书桌	20
汽车配件	中冷器	20
汽车配件	横向稳定杆拉杆	20
个护健康	个护健康	26
手工制品	手工钳	23
园艺用品	花园地插	25
餐具器具	饭盒	26
食品	角豆粉	21
卫浴	膨胀罐	20
汽车配件	轮拱内衬	20
汽车配件	气缸	20
车辆蓄电池	车辆蓄电池	20
家居用品	浴室座椅	23
家居装饰品	台式放大镜	25
运动配件	跑鞋钉	25
家用电器	榨油机	18
装修材料	陶瓷砖	20
露营及休闲用品	户外家具配件	25
卫浴	淋浴房隔断	20
汽车配件及改装件	拖车锁	20
家居用品	马桶盖	23
宠物用品	蚂蚁饲料	19
汽车配件	发动机缸体	20
宠物用品	宠物帽子	19
内衣	保暖连裤袜	20
玩具	水上平衡车	18
卫浴	液压蓄能器膜片	20
卫浴	散热器安装套件	20
睡眠家具	翻板床	20
电动工具及设备	斜切锯	20
露营及休闲用品	柴火架	25
体育用品	运动除味剂	25
宠物用品	鱼缸套装	19
汽车配件	冷却液温度传感器	20
摩托车用品	四轮摩托车刹车片	20
餐具器具	奶壶	26
露营及休闲用品	移动马桶桶	25
装修材料	复合地板	20
露营及休闲用品	篝火三脚架	25
专业乐器	手碟	21
汽车配件及改装件	点火启动辅助装置	20
珠宝饰品	宝石	17
家用电器	熨烫机	18
厨房电器	电动开罐器	18
服装	皮夹克	20
健康用品	防褥疮圈	25
家居装饰品	纪念酒瓶	25
宠物用品	浮球饮水器	19
汽车配件	燃油管路	20
家居装饰品	磁性相框	25
园艺工具及灌溉用品	劈柴机	20
餐具器具	保温瓶	26
配饰	眼镜盒	20
餐具器具	汤碗	26
影音设备	投影仪	18
节庆用品	摄影道具	26
美妆	剃须泡沫	25
办公用品	作品集	24
食品	植物油	21
酒类	苹果酒	21
健康用品	矫形袜	25
婴儿用品	婴儿车蚊帐	22
婴儿用品	婴儿车保险杠	22
手动工具及配件	油漆海绵	20
家用电器	绷缝机	18
家用电器	熨烫台	18
摩托车用品	雪地摩托雪板保护罩	20
家居清洁用品	油脂分解剂	23
汽车配件及改装件	点火分配器	20
玩具	科学实验套装	24
体育用品	运动测距仪	25
体育用品	安全腰带	25
成人用品	情趣日历	25
汽车配件	燃油泵	20
园艺用品	装饰池塘	25
家用纺织品	餐巾套	25
运动营养品及化妆品	饮料冲剂	23
餐具器具	吧台垫	26
体育用品	马刺	25
食品	浆果罐头	21
办公家具及商业设备	演讲台	20
电子配件	NFC卡	20
兽药	宠物消炎药	20
配饰	伞	20
电脑及笔记本	机械硬盘	16.5
体育用品	户外椅	25
手动工具及配件	订书钉	20
餐具器具	火腿切片器	26
内衣	内衣肩带	20
手工制品	服装保暖棉	23
专业乐器	大提琴	21
园艺用品	覆盖物	25
食品	蘑菇罐头	21
装修材料	推拉门系统	20
食品	配菜	21
建筑材料	柔性屋顶瓦	21
汽车配件	雨刮器摇臂	20
汽车配件	制动鼓	20
家居装饰品	气压计	25
宠物用品	宠物车载箱	19
美妆	睫毛固定剂	25
运动配件	伪装网	25
厨房电器	煎蛋器	18
手动工具及配件	焊接隔热垫	20
食品	奶油蛋糕	21
手动工具及配件	水泥管吊钳	20
家用纺织品	床单	25
办公用品	铅封印章	24
建筑材料	间隔密封条	21
健康用品	血压计加压球	22
气候电器	迷你空调	18
健康用品	胰岛素冷藏包	25
运动配件	运动手套	25
宠物用品	动物香薰	19
影音设备	电视信号放大器	22
装修材料	密封胶	20
鞋类	穆勒鞋	17
家居装饰品	装饰画布	25
汽车配件及改装件	拖车安全链	20
电子配件	NFC钥匙扣	20
宗教与玄学	礼拜毯	25
婴儿服装	婴儿开襟衣	21
美妆	美妆蛋清洁刷清洁剂	25
办公用品	写字垫板	24
健康用品	医疗分析仪	25
鞋类配件	鞋面染色剂	17.5
婴儿用品	婴儿学步车	25
食品	奶油	21
汽车配件及改装件	座椅套	20
园艺工具及灌溉用品	园艺铲	20
运动配件	搏击腰带	25
体育用品	自行车车架	25
宠物用品	水族箱压缩机阀门	19
餐具器具	小酒杯	26
运动配件	防水袋	25
宠物用品	宠物药粉	19
食品	番茄酱	21
体育用品	台球套装	25
手工制品	蜡烛蜡	23
睡眠家具	矫形枕	20
食品	格兰诺拉麦片	21
体育用品	体操环	25
汽车配件及改装件	电压调节器	20
餐具器具	水果盘	26
运动配件	面罩	25
气候电器	风扇	18
婴儿用品	婴儿床上用品	22
家居用品	活性炭	23
柜类家具及储物家具	Joker五金系统	20
饰品	首饰包装盒	17
美妆	粉饼	25
手工制品	制作印模套件	23
食品	牛奶慕斯	21
露营及休闲用品	桑拿照明	25
电脑外设及配件	存储卡	20
工作服及防护用品	工作围裙	25
体育用品	鱼叉	25
餐具器具	厨房用线	26
电子配件	烤箱烤盘配件	18
餐具器具	塑料储物罐	26
餐具器具	蛋糕高脚托盘	26
办公用品	创意贴纸	24
办公用品	邮票	24
汽车配件及改装件	汽车工具套件	20
卫浴	水流分水器	20
摩托车用品	摩托车蓝牙耳机	20
玩具	玩具电话	24
婴儿用品	哺乳湿巾	22
内衣	保暖连体衣	20
药品	神经药物	22
电工电气	接线端子	21
汽车配件	点火增强器	20
婴儿用品	婴儿用品	22
食品	奶粉	21
体育用品	救生板	25
装修材料	窗台堵头	20
体育用品	链条	25
手工制品	编织工具套装	23
健康用品	遮眼罩	25
电子配件	充电宝收纳盒	22
电子配件	电视遥控器	22
家居清洁用品	果蔬清洗剂	23
即食食品	即食食品	26
智能家居与安防	智能遥控器	20
宠物用品	自动牵引绳盒	19
体育用品	节气门手柄	25
食品	石榴	21
影音设备	电视机保护屏	22
园艺设备	园艺工具电池	23
食品	烘焙装饰	21
专业乐器	木琴	21
体育用品	滑雪车	25
运动配件	呼啦圈套	25
电工电气	芯片插座	21
玩具	推推乐	24
玩具	儿童帐篷	24
汽车配件	变速箱油封	20
装修材料	门把手锁扣	20
汽车化学品及美容用品	汽车漆固化剂	20
专业乐器	音乐家椅	21
电子配件	手机显示屏	22
鞋类	靴子	17
卫浴	通风头	20
电子配件	活动追踪器	18
花园家具	花园家具	20
电子配件	稳定器	22
家用纺织品	床幔支架	25
体育用品	刹车卡钳	25
成人用品	肛门灌洗器	25
美妆	色料杯	25
体育用品	儿童滑雪板	25
玩具	套脚跳跳球	24
体育用品	船用舀水勺	25
体育用品	游泳圈	25
办公用品	尺子	24
智能手机及数码产品	智能手表	18
摄影器材	胶卷	20
手工制品	创意印章	23
食品	培根	21
手动工具及配件	万用表探头	20
健康用品	止血带	25
体育用品	自行车维修包	25
玩具	桌游配件	24
健康用品	术后康复带	25
成人用品	情趣袖口	25
软体家具	软体家具套装	20
办公设备	打印机	21
家居用品	洗手液分装瓶	23
婴儿服装	婴儿洗礼衬衫	21
电脑及笔记本	导热膏	20
烟具	水烟夹	22
摄影器材	闪光灯反光板	20
办公家具及商业设备	仓储货架	20
办公用品	文具套装	24
手动工具及配件	螺丝批头	20
卫浴	通风栅	20
玩具	指尖陀螺保护壳	24
餐具器具	牙签	26
宠物用品	狗窝	19
工作服及防护用品	呼吸器滤芯	23
家居装饰品	家居挂饰	25
家居装饰品	纪念面具	25
健康用品	医疗废物袋	25
体育用品	滑轮滑雪板	25
烟具	水烟清洁剂	22
办公用品	机械计数器	24
露营及休闲用品	充气泳池气泵	25
兽药	宠物益生菌	20
玩具	玩具餐具	24
美妆	爽身粉	25
食品	燕麦片	21
汽车配件	中间轴	20
餐具器具	烘焙纸袋	26
车载电子	车载电视	20
成人用品	情趣绷带	25
工作服及防护用品	灭火器	19
体育用品	船用发动机	25
体育用品	自动提竿器	25
建筑材料	金属方钢	21
摩托车用品	摩托车拉线	20
电子配件	心率监测仪	22
露营及休闲用品	燃气烤炉	25
家用电器	刀座	18
汽车配件及改装件	洗车机	20
汽车配件及改装件	升降器	20
游戏机与游戏	游戏机支架	19
电子配件	微波炉支架	18
装修材料	稀释剂	20
汽车化学品及美容用品	皮革护理乳	20
服务	配送卡	26
节庆用品	人形立牌	26
厨房电器	真空包装机	18
体育用品	球杆保养工具	25
电子配件	金属探测器线圈	20
汽车配件	汽车散热器	20
宠物用品	训练护袖	19
手工制品	超轻粘土	23
装修材料	木材漂白剂	20
手动工具及配件	储料桶	20
家居清洁用品	清洁粉	23
运动鞋	拳击鞋	17
电子配件	智能花盆	18
玩具	儿童攀爬架	24
汽车配件	三元催化器	20
健康用品	血压调节器	22
气候电器	壁炉	22
宗教与玄学	捕梦网	25
电子配件	翻盖手机壳	22
汽车配件	车身底板	20
家居用品	餐具刮刀	23
体育用品	球爪收纳夹支架	25
餐具器具	盖子	26
健康用品	复合营养补充剂	21
建筑材料	栅栏	21
建筑材料	混凝土模具	21
汽车配件及改装件	车载电暖风	20
体育用品	便携烤炉	25
餐具器具	面粉筛	26
食品	乳制品组合	21
汽车配件及改装件	车衣	20
家居清洁用品	清洁凝胶	23
大家电	冰柜	17
卫浴	浴室把手	20
运动服装	潜水服	20
体育用品	雪圈	25
汽车配件	转向拉杆球头	20
摩托车用品	摩托车塑料覆盖件	20
服装	针织两件套	20
小型家具	儿童扶手椅	20
餐具器具	防油溅眼镜	26
宠物用品	宠物玩具	19
美妆	面部清洁工具	25
体育用品	台球	25
汽车配件及改装件	雨刮片	20
汽车配件及改装件	换油机	20
电子配件	支付手环	20
卫浴	淋浴间	20
健康用品	按摩椅	25
服装	背带裤	20
汽车配件及改装件	后备箱护板	20
电子配件	面包机配件	18
汽车配件	制动阀	20
卫浴	浴缸	20
健康用品	压力短袜	25
汽车配件	车门	20
建筑材料	开口销	21
美妆	明矾石	25
汽车化学品及美容用品	汽车腻子	20
车载电子	车载电子	20
宠物用品	鱼缸底砂	19
健康用品	外科手术工具包	25
食品	面团	21
电动交通工具	电动交通工具	18
办公用品	插页文件袋	24
游戏机与游戏	游戏机配件	19
酒类	渣酿白兰地	21
家用电器	遗尿闹钟	18
运动配件	护膝	25
体育用品	体育栏杆	25
体育用品	飞刀	25
玩具	形状配对玩具	24
园艺工具及灌溉用品	园艺桶及水箱龙头	25
电子配件	DJ设备箱	25
体育用品	登山杖手柄	25
食品	肉饼	21
园艺设备	手扶拖拉机	17
园艺用品	花园围栏	25
汽车配件	内饰板	20
药品	内分泌药物	22
专业乐器	调音台	21
美妆	美甲刷	25
美妆	假牙护理用品	25
装修材料	合页	20
体育用品	滑板车	25
手动工具及配件	手动切管机	20
婴儿用品	环扣背巾	22
内衣	吊带内衣	20
露营及休闲用品	烤网	25
收纳	报刊架	24
智能家居与安防	电子门铃	20
体育用品	滑水橇	25
电子配件	有线耳机	17
婴儿服装	婴儿针织夹克	21
建筑材料	有机玻璃	21
健康用品	固定腰带	25
柜类家具及储物家具	嵌入式拉篮	20
家用纺织品	枕套	25
食品	糖粉	21
婴儿服装	婴儿高领衫	21
电工电气	充电控制器	18
工作服及防护用品	医用衬衫	25
食品	果泥酱	21
婴儿配件	婴儿礼帽	19
体育用品	气枪弹	25
成人用品	情趣角色扮演服	25
电动工具及设备	电动工具充电器	20
露营及休闲用品	桑拿房保养品	25
家用电器	吸尘器尘袋	18
卫浴	下水道配件	20
电子配件	烘干机配件	17
摩托车用品	摩托车贴花	20
汽车配件及改装件	拖车绳	20
餐具器具	厨房剪刀	26
轮胎及轮毂	汽车内胎	20
成人用品	仿真乳房	25
汽车配件	废气温度传感器	20
美妆	彩妆套装	25
健康用品	潜望镜眼镜	25
健康用品	注液器	25
宠物用品	狗门铃	19
建筑材料	沉头内六角螺丝	21
健康用品	压力中筒袜	25
厨房电器	咖啡机循环胶囊	18
手动工具及配件	套筒转换头	20
建筑材料	链条连接器	21
电子配件	石蜡机	18
美妆	纹身练习皮	25
摄影器材	转接环	20
厨房电器	电动油炸锅	18
鞋类配件	鞋面贴	17.5
食品	燕麦	21
健康用品	一次性内裤	22
宠物用品	自行车遛狗器	19
汽车配件及改装件	弹簧固定器	20
汽车配件	风道	20
服装	短款大衣	20
露营及休闲用品	篝火盆	25
家居用品	铝箔纸	23
摄影器材	摄影风扇	20
成人用品	妇科扩张器	25
宠物用品	雨林缸植物	19
体育用品	气枪用气体	25
智能手机及数码产品	智能手机及数码产品	15
园艺用品	园艺地钉及卡扣	25
食品	面包圈	21
健康用品	防褥疮床垫	25
建筑材料	建筑砌块	21
汽车配件及改装件	主传动专用工具	20
汽车配件	机油喷嘴	20
交通工具	摩托艇	18
健康用品	成人纸尿裤	25
电动工具及设备	塑料管焊接机	20
家居用品	拖把头	23
食品	糖衣浆果	21
健康用品	直肠探针	25
运动配件	平衡车外壳	25
工作服及防护用品	工作衬衫	25
食品	熟酸奶	21
宠物用品	假蛋	19
烟具	加热烟具	22
体育用品	搭钩	25
家居装饰品	沙漏	25
办公用品	调色刀	24
园艺用品	池塘曝气机	25
电子配件	鼠标配件	25
健康用品	外科针持器	25
饰品	颈链	17
智能家居与安防	硬盘录像机	20
美妆	修眉工具	25
卫浴	浴室玻璃隔断	20
摩托车用品	摩托车火花塞	20
手动工具及配件	烙铁	20
家居用品	熨烫网	23
婴儿服装	儿童牛仔打底裤	21
手动工具及配件	其他测量仪器	20
建筑材料	束带卡扣固定件	21
汽车配件	喷油器	20
电工电气	电缆标志	22
专业乐器	钟琴	21
美妆	指甲油色板	25
建筑材料	其他建筑固定件	21
电工电气	半导体模块	21
电子配件	排插	20
柜类家具及储物家具	平开门衣柜	20
体育用品	滑雪训练雪橇	25
摄影器材	视频信号分配器	20
卫浴	分水器阀	20
运动服装	保暖运动短裤	20
卫浴	对流加热器	20
食品	蜂蜜膏	21
帽类	耳罩	20
食品	膳食纤维	21
手动工具及配件	圆嘴钳	20
汽车配件及改装件	车位锁	20
电动工具及设备	冲击钻	20
园艺工具及灌溉用品	园艺喷壶	25
食品	雪葩	21
美妆	脱毛贴	25
电动工具及设备	汽油抽水机	20
家居装饰品	纪念小屋	25
办公用品	办公用品	24
节庆用品	礼品卡	26
婴儿用品	婴儿餐椅	22
食品	饼干	21
手工制品	水贴软化剂	23
家用电器	蒸汽挂烫机滤芯	18
手工制品	DIY天然材料	23
健康用品	鼻导管	25
体育用品	俯卧撑支架	25
家用纺织品	长条桌布	25
运动鞋	爵士舞鞋	17
电子配件	美容仪配件	18
体育用品	肋木架	25
露营及休闲用品	充气家具气泵	25
家居用品	浴室配件套装	23
家居用品	衣物清洁湿巾	23
专业乐器	卡林巴琴	21
电子配件	地下金属探测仪	18
智能家居与安防	模拟监控摄像头	20
宠物用品	宠物花洒	19
餐具器具	公道杯	26
汽车配件	手拉启动器凸轮	20
摩托车用品	摩托车风挡	20
电工电气	驱动器	21
婴儿配件	防抓指套	19
办公用品	皮筋	24
健康用品	卫生袋	25
手工制品	硅胶模具	23
露营及休闲用品	化粪池用菌	25
个护健康	电动卷发棒	18
运动服装	骑行外套	20
汽车配件	点火线圈	20
办公用品	价格标签	24
汽车配件及改装件	遥控钥匙电池	20
体育用品	艺术体操带	25
健康用品	耦合剂	25
发饰	发箍	20
宠物用品	动物凝胶	19
柜类家具及储物家具	抽屉柜	20
电子配件	收音机闹钟	18
美妆	嫁接睫毛	25
家用电器	铆压机	18
鞋类配件	鞋撑	17.5
宠物用品	宠物厕所	19
食品	面条	21
汽车配件	刹车卡钳导向销	20
露营及休闲用品	秋千连接件及框架	25
健康用品	固定背心	25
建筑材料	白粉块	21
食品	甜点及甜品	24
健康用品	术后连体衣	25
装修材料	陶土砖	20
园艺工具及灌溉用品	园艺小铲	20
节庆用品	气球	26
节庆用品	鲜花篮	26
汽车化学品及美容用品	汽车清漆	20
汽车配件	踏板杠杆零件	20
交通工具	全地形车	18
汽车配件	汽车灯具	20
婴儿服装	婴儿无袖衫	21
手动工具及配件	刀坯	20
汽车配件	曲轴	20
窗帘及配件	室内窗帘	24
办公设备	办公设备	21
家用电器	蒸汽拖把	18
装修材料	窗台防水板	20
手工制品	仿真花	23
餐具器具	其他厨房用具	26
婴儿用品	婴儿车手套	22
装修材料	台面升降五金	20
园艺用品	育苗盆	25
家居清洁用品	洗衣粉	23
保险	保险	21
电工电气	LED灯珠	21
卫浴	下水道井盖	20
汽车配件及改装件	汽车玻璃膜	20
成人用品	情趣按摩油	25
办公用品	快递袋	24
餐具器具	棉花糖棒	26
园艺用品	肥料	25
鞋类配件	鞋类护理套装	17.5
运动鞋	舞蹈鞋	17
体育用品	链条稳定器	25
婴儿服装	儿童夹克衫	21
玩具	剑球	24
电子配件	吸尘器滤网	18
成人用品	费洛蒙香水	25
个护健康	融蜡机	18
卫浴	折叠式支架浴缸	20
园艺工具及灌溉用品	园艺围裙	20
节庆用品	装饰灯串	26
手工制品	线材套件	23
大家电	嵌入式烤箱	17
成人用品	性爱娃娃	25
电工电气	可编程控制器	21
体育用品	跳远测量尺	25
餐具器具	抹刀	26
烟具	水烟清洁刷	22
卫浴	淋浴软管	20
玩具	赛车轨道	24
卫浴	燃气表	20
烟具	水烟膏	22
体育用品	自行车打气筒	25
建筑材料	安装垫片	19
美妆	古龙水	25
宠物用品	宠物爬梯	19
专业乐器	风铃	21
厨房电器	绞肉机刀片	18
运动配件	马衔铁	25
汽车化学品及美容用品	手部清洁剂	20
烟具	烟斗	22
柜类家具及储物家具	儿童书架	20
办公用品	手指湿润垫	24
家居用品	衣夹	23
食品	奶酪球	21
工作服及防护用品	呼吸器配件	23
游戏机与游戏	游戏光盘	20
家居用品	包装膜	23
专业乐器	巴扬手风琴	21
健康用品	压力裤	25
服装	服装	20
美妆	染发剂去除剂	25
美妆	睫毛卷筒	25
汽车配件	球笼防尘套	20
宠物用品	脱毛机	19
药品	抗病毒药	22
办公用品	筒状盒	24
卫浴	循环泵	20
园艺用品	驱虫器及诱捕器	25
厨房电器	制冰机	18
食品	牛排	21
电工电气	保险丝	21
宗教与玄学	丧葬丝带	26
装修材料	门挡及限位器	20
体育用品	自行车牙盘	25
宠物用品	动物吊床	19
玩具	玩具靶子	24
汽车配件	正时齿轮盖垫片	20
电脑及笔记本	软件中心	20
家居装饰品	香薰蜡	25
汽车配件	汽车电线	20
美妆	穿戴甲	25
办公设备	3D打印机	21
婴儿用品	用药提醒	22
食品	果酱	21
餐具器具	奶酪切片器	26
手工制品	缝纫机压脚	23
露营及休闲用品	桑拿炉配件	25
摩托车用品	雪地摩托滑板	20
美妆	牙齿美白剂	25
美妆	胶水配件	25
专业乐器	键盘踏板	21
汽车配件	离合器分泵防尘套	20
运动服装	保暖运动T恤	20
厨房电器	食品消毒清洗机	18
汽车配件	里程表软轴	20
婴儿用品	牙胶	22
运动服装	骑行短裤	20
餐具器具	熬汁锅	26
摩托车用品	电动四轮摩托车	18
智能家居与安防	信号中继器	20
服装	夹克	20
婴儿用品	洗礼襁褓	22
建筑材料	石膏板配件	21
手动工具及配件	铁皮剪	20
家用电器	扫地机器人	18
卫浴	厨房水槽	20
运动配件	握力带	25
餐具器具	杯垫	26
食品	小麦苗	21
摄影器材	视频采集卡	20
宠物用品	料槽	19
摩托车用品	摩托车燃油管	20
饰品	钥匙链	17
园艺工具及灌溉用品	园艺手推车	20
建筑材料	固定钩	21
健康用品	升降机吊篮	25
美妆	香水套装	25
露营及休闲用品	泳池罩	25
汽车配件及改装件	隔离带栏杆	20
家居装饰品	暖气片罩	25
节庆用品	圣诞袜	26
鞋类配件	凝胶条	17.5
宠物用品	动物医疗工具	19
健康用品	术后背心	25
家居装饰品	香薰灯	25
食品	盐	21
婴儿食品	儿童能量棒	20
汽车配件及改装件	涉水喉	20
宠物用品	笼子架	19
餐具器具	研磨器	26
体育用品	电动轮滑鞋	18
园艺用品	池塘配件	25
体育用品	游泳手蹼	25
电工电气	线鼻子	21
宠物用品	训练器遥控	19
汽车配件	转向系统总成	20
鞋类	高帮雪地靴	17
宠物用品	鱼缸吸盘	19
成人用品	震动蛋	25
节庆用品	幸运签	26
汽车配件	电动车窗控制模块	20
食品	冷冻海鲜	21
园艺用品	大型温室	25
园艺用品	农用化学品	25
婴儿用品	身高墙贴	22
内衣	保暖背心	20
餐具器具	厨房夹	26
个护健康	电动按摩器	18
汽车配件	相位传感器	20
汽车配件	油底壳	20
汽车配件	转向灯闪光继电器	20
汽车配件及改装件	火花塞电缆	20
手动工具及配件	中心冲	20
办公用品	自动铅笔	24
健康用品	减肥贴	25
办公家具及商业设备	在线收银机	23
健康用品	神经锤	25
玩具	雪球夹	24
健康用品	呼吸管路	25
园艺用品	池塘膜及网	25
运动配件	马笼头	25
运动配件	武器保养用品	25
工作服及防护用品	餐厅围裙	25
交通工具	越野摩托车	18
珠宝饰品	银器	17
内衣	秋裤	20
手工制品	缝纫工具包	23
手动工具及配件	填缝剂清洁海绵	20
美妆	洗发水	25
美妆	护发素	25
建筑材料	金属板	21
成人用品	成人桌游	25
婴儿食品	儿童果泥饮料	20
家居装饰品	腰靠	25
手动工具及配件	施工尺	20
园艺工具及灌溉用品	园艺叉	20
办公用品	书签	24
美妆	指甲锉	25
帽类	护耳帽	20
运动服装	健身紧身裤	20
体育用品	彩带棒	25
食品	果粒酱	21
内衣	塑身衣	20
露营及休闲用品	预制房屋及桑拿房	25
摩托车用品	摩托车修理包	20
汽车配件及改装件	侧转向灯	20
汽车配件及改装件	点烟器	20
办公用品	马克笔	24
体育用品	体操棒	25
餐具器具	冰桶	26
卫浴	浴缸塞	20
宠物用品	宠物喷雾	19
园艺用品	植物生长灯及配件	25
小型家具	卧室镜	20
体育用品	健身垫	25
体育用品	儿童座椅	23
影音设备	DVD播放机	22
手动工具及配件	抛光布	20
烟具	打火机配件	22
食品	坚果酱	21
鞋类配件	脚后跟垫	17.5
装修材料	建筑瓷漆	20
手动工具及配件	工具托盘	20
柜类家具及储物家具	板式家具套装	20
体育用品	座管	25
手动工具及配件	美工刀	20
婴儿配件	婴儿头巾帽	19
手工制品	透光临摹板	23
建筑材料	金属带钢	21
汽车配件	汽车大灯配件	20
手动工具及配件	车床卡盘	20
摩托车用品	摩托车后视镜	20
电子配件	音响支架	20
餐具器具	奶桶	26
食品	卡特克酸奶	21
运动配件	运动服衣架	25
汽车配件及改装件	报警器	20
体育用品	游泳呼吸管	25
影音设备	麦克风	18
节庆用品	狂欢节眼镜	26
汽车配件及改装件	脚垫卡扣	20
手动工具及配件	压缩机附件	20
电工电气	接口模块	18
节庆用品	红包	26
食品	椰枣	21
手工制品	手工胚料	23
电动工具及设备	工业吸尘器	20
电子配件	车载电脑	18
园艺用品	温室卡扣	25
婴儿服装	婴儿连体衬衣	21
运动服装	防水短裤	20
运动配件	旱地滑雪板固定器	25
手工制品	钩针	23
体育用品	鱼竿	25
健康用品	持续正压呼吸机面罩	25
食品	无酒精啤酒	21
鞋类	莫卡辛鞋	17
家居装饰品	洗衣机底座	25
婴儿用品	奶嘴挂绳	22
配饰	包包饰品	20
食品	糖珠	21
厨房电器	电热水壶	18
家用纺织品	浴帘	25
柜类家具及储物家具	储物系统	20
汽车配件	膨胀水壶	20
睡眠家具	睡眠家具	20
厨房电器	蔬菜烘干机	18
餐具器具	擀面杖	26
餐具器具	醒酒器	26
服装	化妆舞会服装	20
婴儿服装	婴儿针织衫	21
网络设备	手机信号增强器	19.5
体育用品	便携烘干机	25
餐具器具	红酒开瓶器	26
食品	植物奶	21
手工制品	环形针	23
体育用品	岩点	25
卫浴	密封胶带与魔绳	20
摩托车用品	摩托车头盔	20
成人用品	润滑剂	25
体育用品	台球桌	25
电工电气	电缆	21
节庆用品	彩带	26
体育用品	靶子	25
体育用品	杠铃片	25
宠物用品	宠物推子刀头	19
婴儿用品	儿童便盆配件	22
婴儿食品	儿童果汁饮料	20
健康用品	尿袋	25
手工制品	顶针	23
体育用品	运动护垫	25
办公家具及商业设备	家具锁及插销	20
美妆	妆用创可贴	25
装修材料	天花收边条	20
手动工具及配件	石膏板接缝工具	20
汽车配件及改装件	汽车隔音材料	20
健康用品	医用镜子	25
建筑材料	建筑钢筋	21
饰品	身体链	17
手动工具及配件	手锯	20
餐具器具	保温袋	26
美妆	糖浆脱毛膏	25
气候电器	加热垫	18
卫浴	水管垫圈	20
办公用品	练习本	24
食品	艾兰酸奶	21
美妆	水凝胶面膜	25
美妆	沐浴皂	25
烟具	其他烟具	22
智能家居与安防	智能灯泡	20
健康用品	检查灯	25
汽车配件	制动带	20
帽类	渔夫帽	20
电子配件	平板保护套	18
健康用品	一次性手套	22
婴儿用品	冲奶机	22
健康用品	按摩器固定器	25
汽车配件及改装件	拖车插座	20
食品	鱼	21
露营及休闲用品	预制活动板房	25
帽类	发带	20
婴儿用品	洗礼毛巾	22
体育用品	手铐	25
车载电子	FM发射器	20
健康用品	术后绷带	25
汽车配件	气门室盖	20
办公用品	邮票收藏套装	24
体育用品	锚绳绕线器	25
建筑材料	木质护角	21
餐具器具	烤禽锅	26
体育用品	乒乓球拍底座	25
食品	鱼干	21
食品	冷冻主菜	21
体育用品	反光贴	25
汽车配件	二次空气泵总成	20
内衣	泳衣文胸	20
玩具	玩具船	24
美妆	美发推车	25
成人用品	拳交脚套	25
健康用品	持续正压呼吸机	22
电子配件	无线麦克风系统	18
汽车配件	车用开关	20
运动配件	摇摇杯弹簧球	25
电子配件	耳机垫	22
运动服装	运动服	20
食品	蟹肉棒	21
美妆	喷雾瓶	25
体育用品	摇摇杯	25
电脑及笔记本	电脑机箱	20
餐具器具	富氢水杯滤芯	26
宠物用品	宠物饮水机加热模块	19
体育用品	溜冰鞋刀片	25
健康用品	医用手套	25
宠物用品	宠物裤子	19
电工电气	电动分线器	21
健康用品	消毒剂	25
配饰	口罩支架	20
柜类家具及储物家具	客厅背景墙	20
汽车配件	机油散热器	20
电动工具及设备	焊接防飞溅剂	20
食品	炸肉排	21
健康用品	产科凝胶	25
食品	酸乳	21
食品	无酒精起泡酒	21
办公用品	笔记本	24
个护健康	美甲灯	18
园艺设备	电链锯	17
工作服及防护用品	厨师帽	25
食品	软糖	21
电子配件	遥控玩具电池	18
宠物用品	其他牲畜用品	19
汽车配件	车顶	20
婴儿用品	儿童座椅垫	22
婴儿食品	婴儿茶	20
健康用品	皮肤消毒液	25
体育用品	油压碟刹	25
美妆	睫毛延长板	25
办公家具及商业设备	写字桌	20
电工电气	微电子接口	21
汽车化学品及美容用品	汽车漆稀释剂	20
成人用品	催情剂	25
宗教与玄学	圣像画	25
珠宝饰品	首饰圣像	17
运动配件	其他自行车配件	25
汽车配件	胎压监测系统	20
电工电气	开关	21
运动鞋	钉鞋	17
运动服装	舞蹈紧身衣	20
手动工具及配件	焊料	20
体育用品	转环	25
图书与光盘	字帖	21
体育用品	户外燃气取暖器	25
宠物用品	宠物喂药器	19
健康用品	矫形泳衣	25
体育用品	胡椒喷雾	25
饰品	穿刺饰品	17
园艺工具及灌溉用品	软管挂钩	25
家居装饰品	装饰画	25
电脑及笔记本	一体机	16.5
专业乐器	音乐摇铃	21
配饰	围巾毯	20
节庆用品	烟雾机液	26
汽车配件	副车架	20
汽车配件	ABS传感器	20
汽车化学品及美容用品	燃油添加剂	20
药品	止痛药	22
园艺用品	花箱支架	25
园艺用品	硝酸钠	25
建筑材料	卡箍底座	21
玩具	布书	24
配饰	衬衫领撑	20
配饰	钥匙包	20
汽车配件	保险杠	20
美妆	足疗机	25
电子配件	电子姿势矫正器	18
电子配件	空调支架	18
办公用品	计算器	24
汽车配件及改装件	换油漏斗	20
卫浴	烟囱	20
美妆	眉睫毛拉长护理液	25
智能家居与安防	自动门机	20
柜类家具及储物家具	金属网架	20
家居装饰品	人造植物	25
柜类家具及储物家具	多层角架	20
家用纺织品	隔热餐垫	25
美妆	牙刷盒	25
餐具器具	压肉机	26
美妆	睫毛眉毛生长液	25
美妆	染发剂	25
运动服装	滑雪防摔短裤	20
家居用品	晾衣绳	23
健康用品	防晕车手链	25
汽车配件	减震器支座	20
汽车配件及改装件	绞盘支架	20
健康用品	术后专用硅胶假乳房	25
建筑材料	仿木条	21
配饰	方巾	20
汽车化学品及美容用品	轮毂轮胎清洁剂	20
收纳	收纳	24
美妆	嫁接睫毛胶带	25
即食食品	油炸面团	21
鞋类配件	鞋用除臭剂	17.5
建筑材料	抹灰网	21
睡眠家具	儿童床垫保护垫	20
餐具器具	小碗	26
健康用品	牙套橡皮筋	25
手工制品	陶瓷釉料	23
电工电气	母线槽	21
鞋类	长靴	17
健康用品	创可贴	25
食品	马奶酒	21
装修材料	玻纤壁布	20
发饰	U型夹	20
园艺工具及灌溉用品	弯月镰刀	20
配饰	包	20
玩具	娃娃	24
餐具器具	面包盒	26
服装	飞行夹克	20
发饰	鱼骨编发器	20
食品	果泥	21
食品	花粉	21
手工制品	手动压花器	23
玩具	浴室玩具	24
工作服及防护用品	放大镜眼镜	19
家居用品	不锈钢肥皂	23
运动配件	防水帽	25
汽车配件	摆臂	20
汽车配件	玻璃水壶	20
餐具器具	压泥器	26
成人用品	情趣短裙	25
办公用品	班级日志	24
电子配件	电池收纳盒	20
餐具器具	厨房定时器	26
手动工具及配件	建筑钳	20
药品	心血管药物	22
宠物用品	宠物洗耳液	19
车辆蓄电池	电动车蓄电池	18
办公用品	橡皮	24
汽车配件及改装件	排气管装饰罩	20
家用电器	电动干衣机	18
食品	碎麦	21
办公用品	烫金箔	24
电脑及笔记本	游戏站	16.5
办公家具及商业设备	外置显示器	23
宠物用品	宠物垫	19
办公用品	磁铁文具	24
家居装饰品	摆件及雕像	25
手工制品	针插	23
摩托车用品	电动摩托车	18
成人用品	情趣香薰	25
建筑材料	围栏柱	21
电子配件	智能手表电池	22
家居用品	垃圾袋	23
宠物用品	宠物零食	19
食品	腌姜	21
装修材料	油性漆	20
餐具器具	份数盆	26
建筑材料	屋顶配件	21
汽车配件及改装件	车载雪铲	20
饰品	饰品纽扣	17
园艺用品	室内绿植	25
电工电气	电感元件	21
办公用品	描图纸	24
摄影器材	相机收纳包	20
饰品	领针	17
交通工具	雪地摩托牵引车	18
食品	代糖	21
家居用品	保鲜膜	23
家居清洁用品	工具保养油	23
汽车配件	发动机支架	20
汽车配件	汽车压力调节器	20
玩具	溜溜球	24
汽车配件及改装件	防滑装置	20
卫浴	压力储水罐	20
汽车配件	空调热交换器	20
机油及工业油液	机油及工业油液	20
图书与光盘	涂色书	21
体育用品	自行车支架	25
园艺设备	油锯导板	23
汽车配件	折叠车顶	20
图书与光盘	图书与光盘	21
电子配件	卡包式手机壳	22
汽车配件及改装件	电动杯架	20
电子配件	追踪器套	25
发饰	蝴蝶结发夹	20
卫浴	淋浴支撑杆	20
露营及休闲用品	桑拿垫	25
网络设备	WiFi信号放大器	19.5
园艺设备	扫雪机	17
运动配件	骑行台配件	25
汽车配件及改装件	车标	20
餐具器具	烹饪刷	26
宠物用品	宠物卫衣	19
成人用品	情趣教鞭	25
餐具器具	雕刻工具包	26
食品	人造红鱼子酱	21
体育用品	轮子端盖	25
办公用品	蜡笔	24
汽车化学品及美容用品	汽车漆	20
汽车配件	汽车真空管	20
手动工具及配件	洗地机	20
珠宝饰品	珠宝手表	17
餐具器具	茶壶	26
手动工具及配件	胶带切割器	20
汽车配件	汽车管路	20
即食食品	早餐食品	26
汽车配件及改装件	防盗器	20
饰品	首饰套装	17
宠物用品	宠物连体服	19
体育用品	罐装喷雾支架	25
婴儿服装	儿童半拉链外套	21
体育用品	儿童三轮车	25
体育用品	冰球	25
园艺工具及灌溉用品	浇水枪及喷嘴	25
建筑材料	金属自攻螺丝	21
美妆	指甲油	25
宠物用品	鱼缸气泵	19
园艺用品	保水凝胶	25
电工电气	装饰绝缘子	21
服装	外套	20
健康用品	姿势矫正器	25
宠物用品	兽医药箱	19
手工制品	穿线器	23
装修材料	窗户把手	20
软体家具	美容按摩床	20
节庆用品	装饰花环	26
美妆	直剃刀	25
手工制品	手工胶带	23
体育用品	救援钉	25
成人用品	阴茎泵	25
智能家居与安防	智能家居与安防	20
电脑及笔记本	CPU散热器	20
兽药	兽药	20
体育用品	鞋钉	25
药品	抗真菌药	22
婴儿用品	婴儿被套	22
运动配件	腹肌轮	25
体育用品	船尾自动驾驶仪	25
手动工具及配件	板材吊钳	20
体育用品	球类	25
食品	可可粉	21
体育用品	后减震器	25
体育用品	颈部训练器	25
体育用品	绑钩	25
家居用品	刮水器	23
餐具器具	酒杯	26
宠物用品	畜牧维生素	19
露营及休闲用品	野餐套装	25
美妆	美甲磁铁	25
发饰	假发脏辫	20
电脑外设及配件	光驱	20
食品	果浆	21
体育用品	自行车曲柄	25
食品	干蔬菜	21
汽车配件	排水阀	20
家居清洁用品	地板清洁剂	23
汽车配件及改装件	方向盘套	20
露营及休闲用品	泳池护理剂	25
手动工具及配件	金刚石锯片	20
食品	咖啡粉	21
厨房电器	刀具消毒器	18
电工电气	磁芯	21
手工制品	手工剪刀	23
食品	甜品预拌粉	21
电工电气	连接器	21
美妆	海娜粉调配液	25
卫浴	卫生间小便池	20
建筑材料	建筑链条	21
健康用品	医疗床	25
体育用品	滑雪单板	25
游戏机与游戏	游戏机摄像头	19
家用纺织品	床单固定夹	25
电动工具及设备	气动锯	20
手动工具及配件	活动扳手	20
体育用品	滑行盘	25
美妆	剃须碗	25
专业乐器	邦戈鼓	21
装修材料	钥匙坯	20
花园家具	花园椅	20
婴儿服装	连脚裤	21
摩托车用品	雪地摩托点火器	20
汽车化学品及美容用品	发动机除碳剂	20
体育用品	哨子	25
照明设备	吊灯	24
健康用品	医用椅子	25
电子配件	电子配件	17
美妆	高光	25
体育用品	雪鞋	25
食品	奶酪	21
电动工具及设备	折弯机	20
汽车配件	差速器	20
健康用品	成人隔尿垫	25
交通工具	集装箱	18
宠物用品	动物笼	19
装修材料	格栅	20
珠宝饰品	珠宝饰品	17
电脑及笔记本	笔记本键盘灯	20
健康用品	书写姿势矫正器	23
收纳	包袋支架	24
汽车配件	二次空气喷射阀	20
宠物用品	猫抓板	19
美妆	牙缝刷	25
家用电器	包缝机	18
玩具	万花尺	24
气候电器	电动床垫	18
卫浴	燃气管道接口	20
配饰	首饰工作用眼镜	20
成人用品	男性自慰器	25
运动服装	运动服装	20
卫浴	卫生间置物架	20
摄影器材	视频信号控制器	20
露营及休闲用品	晾晒网	25
办公用品	绘画颜料	24
园艺用品	迷你育苗棚	25
餐具器具	法压壶	26
家居用品	水质测试纸	23
露营及休闲用品	气罐支架	25
专业乐器	颂钵	21
摩托车用品	摩托车起车架	20
食品	黄油	21
服装	T恤	20
服装	羊皮大衣	20
汽车化学品及美容用品	车载香薰	20
手动工具及配件	多功能工具头	20
汽车配件	曲轴瓦	20
体育用品	自行车工具	25
办公用品	活页纸	24
电子配件	蒸汽站配件	18
运动配件	钓鱼箱	25
运动服装	运动针织套头衫	20
摩托车用品	船艇配件	20
宠物用品	宠物口服液	19
食品	肉干	21
工作服及防护用品	医护半裙	25
办公用品	地球仪	24
配饰	防晒袖套	20
汽车配件及改装件	中央扶手	20
体育用品	钓鱼抓取器	25
装修材料	防腐浸渍剂	20
汽车配件	开关活塞	20
玩具	游戏设备	24
建筑材料	填缝剂	21
餐具器具	切瓶机	26
手动工具及配件	热成像仪	20
婴儿配件	婴儿头带	19
家用电器	抽水泵	18
手动工具及配件	切缝机	20
鞋类	休闲运动鞋	17
发饰	额链	20
餐具器具	微波炉器皿	26
汽车配件及改装件	汽车灯泡	20
药品	口腔药物	22
汽车配件	汽车固定件	20
办公用品	打孔器	24
体育用品	降落伞	25
服装	卡通连体服	20
厨房电器	电动削皮器	18
鞋类配件	雨鞋套	17.5
美妆	面膜制作套装	25
办公家具及商业设备	办公搁架	20
露营及休闲用品	烤肉架配件	25
装修材料	地板踢脚线	20
电工电气	燃气表外壳	21
汽车配件	水箱	20
健康用品	其他手术器械	25
汽车配件及改装件	行驶证皮套	20
电工电气	微电子控制器	21
体育用品	强磁打捞器	25
运动配件	防水急救包	25
园艺用品	园艺扎带	25
手动工具及配件	螺旋钻	20
摄影器材	刻录光盘	20
宗教与玄学	圣像画板	23
卫浴	水龙头把手	20
宠物用品	饲料颗粒机	19
饰品	徽章	17
美妆	胸贴	25
餐具器具	午餐盒包	26
宠物用品	脱毛指	19
露营及休闲用品	氯发生器	25
电脑及笔记本	水冷散热系统及配件	20
园艺工具及灌溉用品	手动园艺锯	20
婴儿食品	婴儿食用油	20
汽车配件及改装件	刮水胶条	20
美妆	化妆刷包	25
食品	风干鱼	21
汽车配件	汽车紧固件	20
宠物用品	宠物治疗膏	19
健康用品	牙周凝胶	25
汽车配件	燃油加注系统	20
摄影器材	镜头	18
厨房电器	全自动咖啡机	18
摩托车用品	四轮摩托车罩	20
汽车配件及改装件	辅助供油泵	20
卫浴	浴室家具套件	20
电动工具及设备	热风焊枪	20
美妆	美容清洁刷	25
成人用品	情趣手铐	25
图书与光盘	色卡和调色板	21
办公用品	盲文书写工具	24
收纳	防尘罩	24
家居清洁用品	漂白剂	23
宠物用品	宠物生理裤	19
食品	坚果	21
配饰	包包定型内撑	19
内衣	护足贴	20
电子配件	空调配件	22
餐具器具	烹饪镊子	26
体育用品	指南针	25
露营及休闲用品	通用遮阳篷	25
厨房电器	绞肉机套筒	18
汽车配件	汽车减震器	20
办公用品	办公用品套装	24
美妆	美容护理套装	25
家用电器	电熨斗	18
手动工具及配件	曲线锯条	20
运动鞋	潜水靴	17
专业乐器	吉他连接线	21
汽车化学品及美容用品	螺纹锁固剂	20
建筑材料	聚碳酸酯	21
鞋类配件	硅胶后跟贴	17.5
健康用品	医用音叉	25
汽车配件	起动机吸拉开关	20
成人用品	真空波刺激器	25
汽车配件	连杆瓦	20
婴儿用品	喂奶遮挡衣	22
宠物用品	宠物打薄梳	19
食品	军用口粮	21
汽车配件	滤清器套装	20
建筑材料	小门	21
美妆	甲油胶	25
网络设备	信号放大器	19.5
体育用品	雪地摩托行李箱	25
汽车配件	凸轮轴	20
美妆	泡沫洁面	25
专业乐器	吉他弦钉	21
汽车配件及改装件	停车桩	20
园艺工具及灌溉用品	钻井沉箱及井口装置	20
美妆	牙膏	25
影音设备	MP3播放器	22
园艺工具及灌溉用品	园艺塑料桶	25
餐具器具	寿司工具套装	26
食品	酸奶油	21
体育用品	吊架	25
运动服装	运动卫衣	20
汽车配件及改装件	车牌保护罩	20
厨房电器	多功能电饭煲	18
食品	小麦片	21
建筑材料	装修胶带	21
体育用品	雪橇车零件	25
摄影器材	相机硅胶套	20
宠物用品	水质测试剂	19
园艺用品	花园步道及地砖	25
婴儿配件	儿童连指手套	19
汽车配件	汽车活塞	20
Тест родитель 09.09	Тест родитель 09.09	26
运动营养品及化妆品	睾酮促进剂	23
体育用品	咬钩警报器	25
厨房电器	电动土耳其咖啡壶	18
电动工具及设备	电动葫芦	20
家居装饰品	挂毯	25
睡眠家具	床	20
婴儿用品	婴儿车锁	22
汽车配件	正时皮带罩	20
汽车化学品及美容用品	轮毂抛光剂	20
婴儿配件	婴儿护耳帽	19
电脑及笔记本	其他笔记本配件	20
体育用品	跳台玩具	25
小型家具	小型家具	20
配饰	衣帽间号码牌	20
宠物用品	动物修甲刀	19
宠物用品	鱼缸水泵	19
露营及休闲用品	盐砖	25
体育用品	悬挂训练带	25
园艺用品	洋葱及大蒜种球	25
体育用品	蓄热包	25
体育用品	油污清洁湿巾	25
电子配件	笔记本电脑屏幕	18
食品	鱼柳	21
电子配件	人体成分分析仪	18
美妆	梳子	25
健康用品	按摩垫	25
宠物用品	鱼缸清洁套装	19
家用纺织品	枕头	25
婴儿用品	儿童家具套装	22
家居用品	挤牙膏器	23
运动服装	运动文胸	20
电子配件	其他智能手机配件	22
汽车配件及改装件	点火分配器部件	20
婴儿用品	防吃手指套	22
交通工具	货运及商用车辆	18
玩具	玩偶摆件	24
美妆	塑脸绷带	25
家居装饰品	蜡烛	25
汽车配件及改装件	三角警示牌	20
节庆用品	礼品抽绳袋	26
摄影器材	个人摄像机	20
服装	牛角扣大衣	20
电子配件	钢化玻璃镀膜液	22
汽车配件及改装件	弹簧夹紧装置	20
收纳	壁挂钥匙盒	24
电子配件	音箱支架	20
汽车配件及改装件	轮毂帽	20
厨房电器	咖啡烘焙机	18
办公家具及商业设备	硬币分类机	23
美妆	按摩用品	25
食品	果汁饮料	21
专业乐器	单簧管	21
健康用品	医用剪刀	25
柜类家具及储物家具	旋转衣柜	20
婴儿用品	婴儿游戏围栏	22
健康用品	偏头痛眼镜	25
手工制品	烫凳	23
园艺工具及灌溉用品	绿篱剪	20
办公设备	绘图仪	21
家用电器	绣花机	18
婴儿用品	背带式背巾	22
建筑材料	螺母	21
手动工具及配件	机床夹具	20
收纳	纸箱	24
园艺用品	植物保护剂	25
健康用品	防血栓弹力袜	25
食品	肉冻卷	21
建筑材料	预埋件	21
窗帘及配件	印花窗帘	24
体育用品	打蜡熨斗	25
服装	人造毛皮大衣	20
家居装饰品	室内装饰贴纸	25
宠物用品	宠物刷	19
鞋类配件	鞋套	17.5
餐具器具	茶杯托	26
智能家居与安防	智能家居传感器	20
智能家居与安防	智能门锁及配件	18
露营及休闲用品	户外家具罩	25
手动工具及配件	水泵钳	20
办公用品	收藏盒	24
工作服及防护用品	防尘面罩	22
车载电子	导航仪	20
食品	黑麦芽	21
办公用品	雕塑台	24
运动服装	运动球衣	20
玩具	沙池	24
体育用品	翻滚垫	25
美妆	胶水蒸汽中和剂	25
健康用品	假牙贴面	25
餐具器具	桶和瓶子支架	26
机油及工业油液	叉车油	20
健康用品	矫形器	25
运动配件	自行车灯充电器	25
建筑材料	屋顶膜	21
宠物用品	农场饲料	19
汽车配件	离合器压盘	20
家用纺织品	被角固定扣	25
园艺用品	园艺防护网	25
健康用品	急救复苏器	25
内衣	袜子	20
运动配件	雪橇坐垫	25
美妆	一次性坐便袋	25
电子配件	平板支架	20
汽车配件及改装件	安全支架	20
花园家具	藤编桌	20
摩托车用品	摩托车继电器	20
园艺用品	庭院喷泉	25
健康用品	移植板	25
影音设备	话筒防喷网	22
酒类	朗姆酒	21
装修材料	弹簧配件	20
运动配件	头盔套	25
婴儿食品	儿童果昔	20
美妆	洗脸巾	25
厨房电器	厨师机配件	18
食品	蜂蜜	21
卫浴	压力开关	20
汽车配件	石棉橡胶垫片	20
运动配件	运动腰带	25
电子配件	智能体重秤	18
电子配件	虚拟眼镜配件	22
柜类家具及储物家具	组合客厅柜	20
汽车配件及改装件	螺丝垫片	20
餐具器具	封口夹	26
手动工具及配件	扁铲	20
办公用品	炭笔	24
电子配件	耳机挂架	22
卫浴	浴室吊柜	20
办公用品	印章	24
手工制品	装饰夹	23
汽车配件	火花塞	20
汽车配件及改装件	汽车尾翼	20
手动工具及配件	批头套装	20
电工电气	工业照明	21
发饰	花环发圈	20
汽车配件	机油托盘	20
家用纺织品	装饰抱枕芯	25
健康用品	一次性毯子	25
园艺工具及灌溉用品	喷水器及洒水器	25
美妆	卸妆膏	25
工作服及防护用品	医护帽子	25
体育用品	头盔面罩	25
园艺用品	户外遮阳帘	25
园艺用品	花盆防滑垫	25
摩托车用品	摩托车曲轴	20
发饰	螺旋夹盘发器	20
婴儿用品	尿布台垫	22
汽车配件	雨量传感器	20
照明设备	灯具	24
体育用品	秒表	25
照明设备	壁灯	24
露营及休闲用品	水泵滤芯	25
办公用品	绘画用油	24
婴儿用品	儿童反光贴	22
食品	豌豆	21
婴儿服装	婴儿长袖衫	21
运动配件	平衡车护具	25
工作服及防护用品	一次性连体衣	23
汽车配件及改装件	雨刮器开口护板	20
建筑材料	建筑陶粒	21
手动工具及配件	建筑搅拌机头	20
车载电子	车载扬声器	20
建筑材料	热垫片	21
体育用品	帐篷	25
电子配件	蓝牙帽子	18
手动工具及配件	卡尺	20
手动工具及配件	柱塞式注射器	20
婴儿服装	儿童背带裤	21
汽车配件	点火钥匙	20
服装	连衣裙	20
摄影器材	运动相机配件	20
美妆	美甲延长模具	25
鞋类配件	鞋用凝胶	17.5
家居用品	厕纸架	23
电工电气	微电子转接头	21
露营及休闲用品	花园垃圾焚烧炉	25
健康用品	外科手术训练器	25
体育用品	漂流床	25
食品	酱料	21
窗帘及配件	窗帘杆配件	24
电脑及笔记本	读卡器	20
服装	派克服	20
婴儿用品	消毒袋	22
健康用品	矫形绷带	25
玩具	安抚巾	24
婴儿用品	玩具收纳篮	22
宠物用品	过滤器叶轮	19
装修材料	发泡胶	20
配饰	一次性领口	20
卫浴	风管连接件	20
玩具	运动玩具套装	24
手动工具及配件	锥子	20
汽车配件	气缸盖	20
电工电气	启辉器	21
食品	冻干水果	21
汽车配件	空气滤清器	20
手工制品	衣架钩	23
装修材料	抛光膏	20
装修材料	门槛压条	20
玩具	跳跳马	24
成人用品	性爱机器	25
家居用品	管道清洗装置	23
摩托车用品	全地形车拖车	20
体育用品	运动滑轮鞋	25
美妆	指甲油稀释液	25
餐具器具	松肉锤	26
美妆	理发刷	25
美妆	纹身颜料	25
成人用品	情趣牵引绳	25
装修材料	条形吊顶套件	20
汽车配件及改装件	缸压表	20
成人用品	情趣羽毛棒	25
体育用品	保护系统	25
摩托车用品	摩托车护杠	20
办公家具及商业设备	桌脚保护垫	20
厨房电器	厨师机	18
小型家具	便携折叠椅	20
窗帘及配件	卷帘	24
汽车配件及改装件	门槛条	20
婴儿服装	婴儿风衣	21
家用电器	蒸汽挂烫机	18
家居用品	洗碗海绵	23
宠物用品	爬宠加湿器	19
食品	烘焙巧克力	21
手动工具及配件	玻璃吸盘	20
汽车配件及改装件	车顶行李架横杆	20
卫浴	通风塞	20
餐具器具	温度计探头	26
餐具器具	烧烤盘	26
食品	罐头即食汤	21
摩托车用品	雪地摩托缓冲器	20
手动工具及配件	压缩机油	20
食品	大米	21
宠物用品	防虫头罩	19
手工制品	线圈套装	23
婴儿用品	儿童脸盆	22
工作服及防护用品	工作夹克	25
汽车化学品及美容用品	锈转化剂	20
食品	面粉	21
婴儿食品	儿童面包干	20
体育用品	躺车	25
办公用品	书法工具套装	24
体育用品	滑板支架	25
美妆	牙线棒	25
宠物用品	宠物饮水机	19
电动工具及设备	多功能修边机	20
电工电气	母线槽连接器	21
体育用品	辐条气门嘴	25
园艺用品	装饰图案	25
电脑及笔记本	其他电脑配件	20
健康用品	矫正眼镜	25
美妆	生发剂	25
美妆	湿敷棉	25
成人用品	情趣拍子	25
卫浴	地暖配件	20
照明设备	壁挂式吸顶灯	24
节庆用品	纸球灯笼	26
食品	糖浆	21
酒类	葡萄酒	21
智能家居与安防	安防报警系统	20
电工电气	工业插头	21
电脑及笔记本	台式电脑	16.5
手工制品	插花海绵	23
餐具器具	罐头消毒器	26
汽车配件及改装件	报警喇叭扬声器	20
运动配件	滑雪杆把手	25
宠物用品	宠物洗浴工具	19
配饰	裤腰调节扣	20
餐具器具	餐盘	26
专业乐器	手风琴	21
手工制品	浇铸石	23
手工制品	绣架	23
配饰	眼镜配件和护理产品	20
建筑材料	聚碳酸酯型材	21
美妆	穿孔枪	25
体育用品	滑轮轴承	25
餐具器具	切菜板垫	26
汽车配件	等速万向节防尘套	20
个护健康	美容仪器	18
餐具器具	咖啡壶	26
汽车配件	车窗升降控制模块	20
宠物用品	宠物收纳包	19
烟具	雪茄剪	22
宠物用品	宠物肥皂	19
食品	果仁蜜饼	21
露营及休闲用品	防水油布	25
宠物用品	宠物服装	19
露营及休闲用品	固体燃料	25
食品	谷物豆类	21
宠物用品	自动喂食器	19
照明设备	轨道系统	24
照明设备	小夜灯	24
美妆	氧化剂	25
食品	蜜糖饼干	21
食品	蒸粗麦粉	21
体育用品	抛光石	25
汽车配件	车窗升降器	20
手动工具及配件	夹钳	20
运动服装	运动背心	20
办公家具及商业设备	钞票分类机	23
健康用品	胰岛素笔	25
汽车配件	阀门电动执行器	20
体育用品	摩托车温度计	25
汽车配件及改装件	车载应急包	20
体育用品	喷雾枪	25
摄影器材	相机遥控器	20
宠物用品	止吠器	19
餐具器具	饮料分配器	26
家用纺织品	被套	25
食品	咖啡豆	21
气候电器	暖气片脚架	18
食品	大豆粉	21
电子配件	空气炸锅配件	18
婴儿服装	婴儿家居袍	21
健康用品	磁力头带	25
体育用品	软饵	25
玩具	火车轨道玩具	24
婴儿用品	婴儿车套装	22
电子配件	磁性钥匙	20
办公家具及商业设备	办公柜	20
图书与光盘	挂图	21
运动配件	半脚袜	25
专业乐器	铃鼓	21
健康用品	医用磁铁	25
成人用品	情趣除臭剂	25
厨房电器	三明治机	18
婴儿用品	婴儿手推车	22
柜类家具及储物家具	卧室衣柜	20
装修材料	门把手保护套	20
露营及休闲用品	木桶制品	25
窗帘及配件	窗帘杆	24
厨房电器	巧克力喷泉机	18
汽车配件	转向助力泵	20
玩具	摇摇马	24
美妆	保湿喷雾	25
节庆用品	雪花水晶球	26
智能家居与安防	智能灯具	20
美妆	化妆品收纳盒	25
电子配件	电烤架配件	18
手动工具及配件	电动工具润滑剂	20
汽车配件	点火开关触点组	20
运动配件	雪橇罩	25
健康用品	地蜡	25
配饰	收纳包	20
配饰	行李箱	20
手动工具及配件	千分尺	20
婴儿用品	儿童安全座椅套	22
餐具器具	手动打蛋器	26
电动工具及设备	工业设备及配件	20
办公用品	回形针	24
园艺工具及灌溉用品	园艺工具及灌溉用品	25
兽药	宠物抗真菌药	20
健康用品	吸鼻器	25
柜类家具及储物家具	门厅柜	20
装修材料	门锁	20
电工电气	微电子声学元件	21
婴儿用品	襁褓绑带	22
建筑材料	排水系统	21
汽车配件	压力转换器	20
汽车配件及改装件	胎压表	20
配饰	表带	20
气候电器	风幕机	18
汽车配件	刹车助力器	20
手动工具及配件	多功能工具钳	20
食品	汤料	21
交通工具	快艇	18
成人用品	情趣束身衣	25
宠物用品	自动喂食器适配器	19
食品	鱿鱼干	21
健康用品	医用反光镜	22
内衣	胸罩钢圈	20
婴儿用品	婴儿车垫	22
食品	新鲜浆果	24
配饰	双肩包	20
婴儿服装	婴儿洗礼套装	21
内衣	乳贴	20
家用纺织品	马桶垫	25
体育用品	武术器械	25
办公用品	便签纸与便签贴	24
家居用品	捕鼠夹	23
食品	豆类	21
家居装饰品	灭烛器	25
网络设备	配线架	19.5
电工电气	电容器	18
花园家具	花园箱子	20
美妆	死皮剪	25
建筑材料	网格胶带	21
工作服及防护用品	工作连体服	25
专业乐器	拨片	21
电动工具及设备	喷漆枪	20
体育用品	雪板堵头	25
食品	速溶咖啡	21
宗教与玄学	灯油	25
办公设备	硒鼓	21
健康用品	微量泵	25
服装	卫衣	20
图书与光盘	漫画书	21
手动工具及配件	涂油海绵	20
电子配件	手机三脚架	22
体育用品	睡袋内衬	25
珠宝饰品	珠宝锁扣	17
手动工具及配件	手拉葫芦	20
成人用品	震动棒	25
露营及休闲用品	充气泳池	25
电动工具及设备	砂轮机	20
家居清洁用品	洗碗机光亮剂	23
电子配件	媒体转换器	18
汽车配件	汽车调节器	20
数字商品	激活码	15
婴儿用品	儿童量脚器	22
家用电器	热转印压烫机	18
运动配件	护具套装	25
厨房电器	电动磨粉机	18
办公用品	记事本	24
汽车配件及改装件	车牌架	20
家居装饰品	挂钟	25
餐具器具	鸡蛋架	26
餐具器具	陶瓷烤碗	26
图书与光盘	地理地图	21
汽车配件	气缸盖罩	20
电子配件	气象站	18
体育用品	运动手机支架	25
健康用品	医用耳钉	25
食品	鱼类美食	21
卫浴	底阀	20
汽车配件	机油加注口盖	20
电工电气	应急照明	21
汽车化学品及美容用品	传感器触点清洁剂	20
宠物用品	宠物用品	19
餐具器具	甜点叉	26
体育用品	单杠	25
配饰	手提包把手	20
柜类家具及储物家具	屏风	20
建筑材料	窗框装饰条	21
体育用品	体操彩带棒	25
汽车配件及改装件	精细空气处理器	20
工作服及防护用品	防火布	23
汽车配件	车架配件	20
装修材料	定制门	20
卫浴	热量表	20
园艺设备	高压清洗机配件	23
汽车配件及改装件	发动机加热系统	20
餐具器具	磨刀器	26
露营及休闲用品	灰桶	25
电子配件	熨斗配件	18
汽车配件及改装件	自动变速箱保护套	20
汽车配件及改装件	轮眉护翼	20
宠物用品	挤奶机配件	19
汽车化学品及美容用品	汽车防腐防锈剂	20
美妆	定妆喷雾	25
体育用品	运动毛巾	25
汽车配件及改装件	拖车线束	20
汽车配件	汽车电容器	20
健康用品	视力训练眼镜	25
电工电气	电压继电器	21
美妆	美发工具护理用品	25
美妆	卷发器	25
餐具器具	开罐器	26
美妆	角质层去除剂	25
专业乐器	吉他滑棒	21
成人用品	刺轮	25
运动配件	手套增粘喷雾	25
电子配件	手机指环支架	22
专业乐器	吉他贴纸	21
电子配件	手机触摸屏	22
运动配件	防蚊帽	25
手工制品	雕塑石膏	23
宠物用品	兽医器械	19
汽车配件	压缩机垫片	20
体育用品	儿童飞镖	25
摩托车用品	手拉启动器	20
宠物用品	蜂烟器	19
体育用品	旅行毛毯	25
园艺用品	风向标	25
节庆用品	生日蜡烛	26
汽车配件	驻车制动器	20
办公家具及商业设备	家具升降装置	20
饰品	项链	17
柜类家具及储物家具	落地衣架	20
玩具	弹簧玩具	24
配饰	防护口罩盒	20
手工制品	蜡烛灯芯	23
办公家具及商业设备	家具五金配件	20
园艺工具及灌溉用品	斧头	20
体育用品	自行车导轮	25
婴儿服装	婴儿套头衫	21
保险	设备保险	21
体育用品	指虎	25
药品	驱虫及抗菌药	22
汽车配件	消音器	20
美妆	纹身机针嘴一体	25
家居用品	卫生纸	23
兽药	宠物疫苗	20
食品	面包棒	21
电工电气	灯具配件	21
露营及休闲用品	野餐篮	25
露营及休闲用品	桑拿拖鞋	25
办公用品	调色板	24
成人用品	情趣连体裤	25
体育用品	飞镖靶	25
运动配件	空手道拳套	25
电工电气	加热电缆	21
食品	浆果酱	21
办公用品	绘画本	24
手工制品	针线包	23
电子配件	电线保护套	20
网络设备	交换机	19.5
游戏机与游戏	游戏机与游戏	17
保险	银行卡保险	21
建筑材料	工字钢	21
体育用品	自行车停放架	25
电子配件	数据线	22
运动鞋	单板滑雪鞋	17
电脑外设及配件	摄像头遮挡盖	20
卫浴	下水道管道	20
餐具器具	烘烤模具	26
体育用品	自行车飞轮	25
电子配件	电池	18
运动服装	潜水衣	20
婴儿内衣	婴儿保暖套装	20
办公用品	纸质信封	24
餐具器具	塔吉锅	26
园艺用品	温室拱杆	25
园艺工具及灌溉用品	长柄割草刀	20
运动配件	骑行测速仪支架	25
办公用品	装订线	24
厨房电器	罐头高压灭菌器	18
电子配件	对讲机天线	22
体育用品	健身助力带	25
办公家具及商业设备	办公隔断	20
智能家居与安防	声光报警器	20
餐具器具	甜点底托垫	26
汽车配件及改装件	止震板	20
图书与光盘	直观教具	21
鞋类	厚底凉鞋	17
婴儿配件	婴儿帽	19
摩托车用品	全地形车保险杠	20
汽车配件	缓冲胶块	20
办公用品	壁挂式时间表	24
运动配件	滑雪板绑带	25
宠物用品	氧气舱	19
玩具	马赛克拼图	24
园艺用品	植物绑扎带	25
健康用品	血糖试纸	25
健康用品	防辐射贴	25
运动配件	健身器械手柄	25
发饰	发网	20
办公家具及商业设备	架子支架	20
气候电器	臭氧发生器	18
婴儿用品	奶瓶支架	22
建筑材料	家具隔板	21
汽车配件	气路消音器	20
体育用品	自行车锁	25
运动服装	保暖运动套头衫	20
网络设备	网络设备	19.5
美妆	洗发皂	25
餐具器具	冰淇淋棒	26
建筑材料	建筑安全网	21
建筑材料	围墙盖帽	21
汽车配件	中控锁	20
节庆用品	狂欢节面具	26
食品	烘焙预拌粉	21
个护健康	牙齿美白仪	18
健康用品	牙科手机	25
配饰	剃须刀保护套	20
药品	抗静脉曲张药	22
健康用品	热水袋	25
厨房电器	油炸锅滤网	18
食品	肠衣	21
健康用品	二氧化碳吸附剂	25
婴儿用品	新生儿床垫	22
家用纺织品	吊床挂件	25
电子配件	麦克风支架	22
运动鞋	滑雪靴	17
汽车配件	机油泵	20
汽车配件	节气门体	20
装修材料	脱漆剂	20
装修材料	特种涂料	20
汽车配件	换挡拉索	20
美妆	遮瑕	25
体育用品	救生衣	25
运动配件	运动帽	25
装修材料	室内门	20
装修材料	满铺地毯	20
装修材料	厨房防油板	20
车载电子	行车记录仪	20
园艺设备	松土机	17
美妆	眼影颜料	25
健康用品	牙科工具包	25
成人用品	助情饮料	25
鞋类配件	擦鞋湿巾	17.5
办公用品	留言簿	24
电工电气	跳线	21
餐具器具	手动切碎器	26
节庆用品	狂欢节装扮	26
餐具器具	蛋糕脱模器	26
个护健康	喷气式洁牙器	18
体育用品	探险装备箱	25
汽车配件	汽车滤清器	20
办公设备	打印机墨水	21
节庆用品	彩绘颜料	26
电子配件	触控笔	22
宠物用品	响片	19
运动配件	水勒缰	25
健康用品	压力连体衣	25
体育用品	落地式台球架	25
交通工具	双体船	18
美妆	指甲底油	25
手动工具及配件	锤子	20
收纳	磁吸支架	24
宠物用品	宠物除臭剂	19
美妆	美甲锉底座	25
电工电气	电缆测试仪	18
食品	人造黑鱼子酱	21
体育用品	伸缩警棍	25
手工制品	手工填充材料	23
食品	麦芽	21
汽车配件及改装件	轨道扩展器	20
美妆	化妆刷	25
体育用品	连接圈	25
宠物用品	宠物尿布	19
办公用品	针管笔墨水	24
汽车配件	涡轮增压器	20
电子配件	手持探测器	18
食品	植脂末	21
个护健康	美甲打磨机	18
食品	牛轧糖	21
园艺用品	绑枝机及耗材	25
装修材料	花岗岩瓷砖	20
建筑材料	壁板	21
交通工具	轻便摩托车	18
帽类	礼帽	20
玩具	万花筒	24
健康用品	孕妇托腹带	25
内衣	衬裙	20
美妆	修甲盐	25
园艺用品	稻草人	25
园艺工具及灌溉用品	园艺工具及设备防尘罩	25
食品	茶叶	21
体育用品	自行车挡泥板	25
玩具	拼图配件	24
体育用品	鱼竿梢	25
影音设备	视频信号接收器	22
建筑材料	打孔带	21
汽车配件及改装件	蓄电池充电器	20
体育用品	手胶	25
宠物用品	宠物夹板	19
健康用品	护齿套	25
配饰	怀表	20
个护健康	面部蒸脸仪	18
健康用品	采血针	25
建筑材料	隔音材料	21
健康用品	坐浴器	25
宠物用品	宠物尿垫	19
露营及休闲用品	马蜂诱捕器	25
厨房电器	抽油烟机滤网	18
健康用品	医用文胸	25
宠物用品	宠物背带	19
体育用品	运动弹弓	25
健康用品	医用营养品	25
配饰	行李锁	20
小型家具	酒桌	20
办公用品	收藏镊子	24
专业乐器	小提琴松香	21
美妆	理发美容围裙	25
食品	咸豌豆	21
汽车配件	空调滤清器	20
办公用品	桌面挡板	24
卫浴	风帽	20
汽车	二手车	11.5
健康用品	巴德输液港针	25
食品	水果条	21
婴儿配件	婴儿贝雷帽	19
成人用品	性爱椅	25
电工电气	电线	21
卫浴	卫浴设施	20
家居用品	水槽垫	23
配饰	手机挂绳	20
节庆用品	礼品填充物	26
体育用品	训练用手榴弹	25
电子配件	U盘保护套	25
美妆	嫁接睫毛套装	25
食品	格鲁吉亚饺子	21
图书与光盘	轮廓地图	21
配饰	垫肩	20
玩具	沙滩铲	24
运动服装	女士运动背心	20
汽车配件	变速器螺栓	20
摩托车用品	摩托车点火锁	20
露营及休闲用品	花园洗手盆	25
汽车配件及改装件	汽车钥匙	20
收纳	篮子	24
美妆	修脚锉	25
柜类家具及储物家具	鞋柜	20
美妆	纹身机脚踏	25
汽车配件	活塞销	20
玩具	玩具枪	24
车载电子	车载暖风机	20
美妆	脱毛蜡	25
家居装饰品	家居香氛	25
专业乐器	谱架灯	21
卫浴	通风阀门	20
玩具	玩具配件与零部件	24
体育用品	生火工具套装	25
配饰	钱夹	20
园艺工具及灌溉用品	园艺刀	20
体育用品	高山滑雪板	25
成人用品	情趣中筒袜	25
办公用品	手指润滑器	24
专业乐器	线阵音箱	21
食品	情趣巧克力	21
工作服及防护用品	医用白大褂	25
电子配件	NFC手环	20
园艺工具及灌溉用品	高枝剪	20
园艺工具及灌溉用品	高枝锯	20
玩具	沙滩桶	24
窗帘及配件	纱帘	24
美妆	脱毛蜡纸	25
汽车配件	汽车连接器	20
定制家具	衣帽间系统	20
家用纺织品	餐巾	25
婴儿用品	奶瓶保温袋	22
运动营养品及化妆品	氮泵	23
宠物用品	爬宠箱	19
成人用品	阴道球	25
健康用品	实验室设备	25
露营及休闲用品	保温便当包	25
手工制品	别针	23
节庆用品	气球配件	26
办公用品	手提文件袋	24
办公用品	颜料油壶	24
食品	干酪	21
汽车配件及改装件	机油压力表	20
建筑材料	屋顶密封胶带	21
配饰	化妆包	20
玩具	儿童游戏屋	24
成人用品	脉冲按摩器	25
宠物用品	真空饮水器	19
食品	羊肉串	21
婴儿用品	婴儿餐具套装	22
专业乐器	麦克风防滚环	21
园艺工具及灌溉用品	立式水龙头	25
汽车配件	汽车主轴	20
汽车配件	汽车外壳	20
体育用品	U型枕	25
玩具	玩具娃娃服装	24
餐具器具	封口器	26
宠物用品	宠物护照	19
装修材料	铺路砖	20
汽车配件	汽车齿轮	20
手工制品	绘画模板	23
宠物用品	动物纹身贴	19
健康用品	瘦身指环	25
家用电器	编织机	18
运动服装	保暖运动连体衣	20
电子配件	电子计时器	18
婴儿服装	婴儿浴袍	21
影音设备	便携音箱	18
园艺设备	打草头	23
婴儿用品	婴儿车挂钩	22
保险	汽车保险	21
汽车配件及改装件	轮毂边缘护盖	20
美妆	死皮叉	25
餐具器具	奶锅	26
宠物用品	鱼缸过滤器	19
健康用品	卧床病人护理海绵	25
电动工具及设备	移动推车	20
摄影器材	光学清洁笔	20
体育用品	自行车花鼓	25
健康用品	矫形鞋	25
鞋类	家居拖鞋	17
节庆用品	圣诞装饰	26
玩具	游戏垫	24
体育用品	健身器械配件	25
健康用品	拇外翻矫正夹板	25
餐具器具	酒瓶提篮	26
食品	薯片	21
健康用品	腿型矫正带	25
即食食品	街头食品	21
办公用品	洗笔杯	24
体育用品	器材垫	25
办公用品	标签色带	24
家居装饰品	厨房墙面装饰	25
宠物用品	马鞍减震垫	19
露营及休闲用品	充气家具	25
体育用品	蹦床	25
运动服装	桑拿服	20
食品	增稠剂	21
办公用品	除胶剂	24
汽车配件	主箱	20
玩具	弹跳球	24
体育用品	螺旋钩	25
厨房电器	循环模式套装	18
电工电气	射频测量仪	18
发饰	假发髻	20
手动工具及配件	木工刨	20
专业乐器	尤克里里	21
餐具器具	康普茶发酵套装	26
食品	玉米片	21
成人用品	捆绑绳	25
汽车配件及改装件	轮胎充气嘴	20
宠物用品	宠物检测试纸	19
汽车配件	油冷器电线	20
卫浴	防水漏保护系统	20
大家电	烘干机	17
药品	抗过敏药	22
摄影器材	相机支架	20
汽车配件及改装件	修理汽车护膝	20
装修材料	建筑清洁剂	20
体育用品	高度计腕带	25
运动营养品及化妆品	燃脂剂	23
婴儿内衣	婴儿保暖裤袜	20
摩托车用品	摩托车无级变速器	20
运动鞋	芭蕾舞鞋	17
食品	果蔬奶昔	21
体育用品	自行车碗组	25
露营及休闲用品	柴火存储配件	25
汽车配件	气门导管	20
电子配件	视频光盘	18
宠物用品	宠物手术衣	19
手工制品	压花带	23
美妆	纹身针嘴	25
窗帘及配件	百叶窗配件	24
餐具器具	量杯	26
手工制品	雕塑粘土	23
体育用品	自行车刹车线	25
汽车配件及改装件	折射计	20
体育用品	暖宝宝	25
餐具器具	压滤机	26
婴儿服装	婴儿服装	21
即食食品	即食甜点	21
影音设备	音箱	18
气候电器	空调	17
办公用品	防拆袋	24
美妆	美容帽	25
汽车配件及改装件	汽车薄板部件	20
建筑材料	欧松瓦	21
露营及休闲用品	引火液	25
电子配件	电子围栏	18
烟具	卷烟纸	22
运动配件	鱼竿绑带	25
汽车化学品及美容用品	发动机清洁剂	20
餐具器具	手动榨汁器	26
宠物用品	鱼缸UV杀菌灯	19
汽车配件	发动机护罩	20
服装	女士连体衬衫	20
婴儿用品	喂食垫	22
健康用品	针刺垫	25
婴儿用品	新生儿挂牌	22
宠物用品	畜牧急救箱	19
电工电气	二次光学元件	21
园艺工具及灌溉用品	园艺软管	25
餐具器具	玻璃瓶	26
餐具器具	甜点盒	26
运动服装	运动衫	20
家居装饰品	香薰灯芯	25
工作服及防护用品	工装	25
体育用品	钓鱼平衡器	25
建筑材料	石膏板型材	21
办公用品	卷笔刀	24
卫浴	小便池过滤网	20
手动工具及配件	气动工具配件	20
手工制品	数字油画	23
电工电气	防雷设备	20
成人用品	情趣水疗泵	25
电子配件	造雪机	18
美妆	裹敷保鲜膜	25
宠物用品	宠物爬行服	19
手动工具及配件	抹灰刮板	20
卫浴	地暖保温材料	20
办公用品	笔袋	24
办公用品	收藏册活页	24
摩托车用品	摩托车操纵拉杆	20
鞋类	露趾凉鞋	17
玩具	摇铃	24
厨房电器	电热水瓶	18
餐具器具	烤炉	26
美妆	美黑眼镜	25
美妆	美发喷壶	25
汽车配件	后备箱盖电动撑杆	20
睡眠家具	双层床	20
家用纺织品	防滑垫	25
手动工具及配件	绝缘电工刀	20
建筑材料	固定托架	21
汽车化学品及美容用品	车蜡	20
汽车化学品及美容用品	内饰液态皮革	20
智能家居与安防	烟雾探测器	20
体育用品	沙包	25
酒类	雅邑白兰地	21
家居用品	马桶疏通器	23
食品	果肉饮料	21
家居装饰品	LED地砖灯	25
汽车配件	发动机风冷系统	20
成人用品	情趣鞭子	25
汽车配件	微粒过滤器	20
家居装饰品	首饰盒	25
汽车配件及改装件	边板铰链	20
汽车化学品及美容用品	燃油系统清洁剂	20
体育用品	钓鱼支架	25
体育用品	打蜡滚筒	25
体育用品	锚	25
健康用品	按摩床	25
健康用品	医用防水布	25
美妆	纹身机	25
兽药	宠物心血管药	20
宠物用品	宠物胸背带	19
成人用品	情趣斗篷	25
摄影器材	视频信号中继器	20
手动工具及配件	工作台配件	20
食品	冷冻禽肉	21
配饰	伞套	20
体育用品	减震叉	25
汽车配件	驾驶室	20
轮胎及轮毂	车轮总成	20
手动工具及配件	PH测试仪	20
运动配件	防水包	25
运动配件	马术护腿	25
宠物用品	挂式饮水器	19
摩托车用品	摩托车车把	20
餐具器具	削皮器	26
食品	杏仁糖	21
婴儿食品	儿童通心粉	20
园艺工具及灌溉用品	除雪铲	20
餐具器具	炉用茶壶	26
婴儿服装	婴儿套装	21
运动服装	保暖运动衫	20
厨房电器	绞肉机齿轮	18
汽车配件	空气悬架	20
厨房电器	电动咖啡研磨机	18
体育用品	高尔夫球架	25
餐具器具	食品铲	21
美妆	泡泡沐浴露	25
装修材料	窗户锁	20
食品	点心	21
餐具器具	炸锅	26
珠宝饰品	珠宝夹扣	17
烟具	水烟碗	22
装修材料	门饰套装	20
装修材料	橡胶地垫	20
电脑及笔记本	迷你电脑主机	18
美妆	化妆品分装瓶	25
装修材料	镜面砖	20
饰品	素链	17
体育用品	户外炉具	25
美妆	假睫毛胶水	25
宗教与玄学	婚礼物品套装	25
投资贵金属	金条	26
体育用品	自行车装饰	25
电子配件	家用小手电	20
园艺设备	清扫机刷子	23
食品	烤猪肉	21
手动工具及配件	瓷砖切割机配件	20
体育用品	游泳手抓浮板	25
婴儿用品	电动吸奶器	22
智能家居与安防	监控摄像头	20
餐具器具	餐具收纳盘	26
体育用品	平衡步道	25
婴儿用品	婴儿车雨罩	22
电子配件	折叠手机壳	22
宠物用品	宠物毛毯	19
体育用品	踏板	25
体育用品	自行车脚撑	25
运动配件	塑腰带	25
园艺用品	育苗盘	25
节庆用品	装饰雪	26
食品	鱼片	21
食品	酿青椒	21
珠宝饰品	珠宝纪念品	17
食品	肉罐头	21
健康用品	理疗仪	22
体育用品	电击器	25
电子配件	无人机电池	18
运动配件	马胸带	25
健康用品	外科手术刀	25
宗教与玄学	宗教与玄学	26
婴儿服装	婴儿背心裙	21
鞋类配件	鞋拔	17.5
婴儿用品	婴儿背带	22
汽车化学品及美容用品	大灯抛光剂	20
园艺用品	种子催芽器	25
成人用品	阴茎套	25
办公用品	写字板	24
家居用品	食品包装袋	23
体育用品	冰钓小饵	25
餐具器具	容器盖	26
食品	食品礼盒	21
园艺工具及灌溉用品	杂草烧除器	23
汽车配件及改装件	汽车窗帘	20
食品	海藻	21
食品	法棍	21
配饰	假袖口	20
电工电气	节电器	21
体育用品	篮球框	25
摄影器材	相机热敏打印纸	20
节庆用品	婚礼花束	26
电动工具及设备	储气罐	20
宠物用品	鱼缸造景	19
电动工具及设备	气动刻字笔	20
配饰	手帕	20
手工制品	绣花线	23
家居用品	家用水桶	23
手工制品	油画箱	23
食品	奶酪甜点	21
园艺用品	园艺绳	25
建筑材料	石棉纸板	21
体育用品	鱼竿夹	25
电工电气	电阻器	21
美妆	美甲泡手碗	25
玩具	玩具车库	24
酒类	白兰地	21
汽车化学品及美容用品	汽车添加剂	20
美妆	面膜	25
电工电气	稳压器	21
食品	威化饼	21
食品	冰淇淋	21
露营及休闲用品	木炭	25
装修材料	吊顶板	20
食品	饺子	21
专业乐器	古斯里琴	21
办公用品	白板海绵擦	24
工作服及防护用品	焊工手套	25
体育用品	自行车中轴导板	25
体育用品	运动架	25
办公家具及商业设备	刷卡终端	23
烟具	水烟炭盘	22
婴儿用品	躺椅套	22
汽车配件及改装件	汽车防护垫	20
食品	干浆果	21
宠物用品	动物手术后绷带	19
影音设备	家庭影院套装	22
建筑材料	建筑木板	21
电动工具及设备	电动螺丝刀	20
婴儿服装	婴儿衬衫	21
食品	脆面包片	21
手动工具及配件	轴承拉马	20
食品	煎饺	21
内衣	内裤	20
汽车配件	汽车修理包	20
美妆	化妆品分配器	25
气候电器	气候电器	26
玩具	泡泡水	24
体育用品	椭圆机	25
健康用品	医用气瓶	25
珠宝饰品	珠宝耳环	17
家居清洁用品	织物染料	23
体育用品	休闲弩	25
食品	细面包条	21
露营及休闲用品	蚊帐	25
配饰	假领	20
厨房电器	爆米花机	18
网络设备	网络存储器	19.5
厨房电器	油烟机管道	18
汽车配件	汽车水泵	20
玩具	陀螺	24
健康用品	冲洗器	25
建筑材料	链带螺丝	21
办公家具及商业设备	户外广告支架	23
食品	新鲜蔬菜	24
园艺工具及灌溉用品	铲柄	20
婴儿食品	儿童果冻	20
运动配件	运动遮阳帽	25
软体家具	变形椅	20
美妆	浴用化妆品	25
发饰	蓬发垫	20
家用纺织品	浴巾披风	25
汽车配件	燃油液位传感器	20
电子配件	锅炉配件	18
办公家具及商业设备	家具堵头	20
美妆	发蜡	25
露营及休闲用品	秋千海绵垫	25
食品	糖衣坚果	21
电子配件	扫地机器人边刷	18
汽车配件	变速箱轴	20
婴儿用品	婴儿车收纳包	22
内衣	保暖长袖T恤	20
摩托车用品	摩托车罩	20
体育用品	蛙式滑板车	25
宠物用品	鱼缸加热棒	19
食品	糖霜	21
即食食品	披萨	21
园艺工具及灌溉用品	园艺连接器及接头	25
汽车配件	进气歧管垫片	20
体育用品	浮力背心	25
体育用品	拉伸垫	25
餐具器具	铁板烧架	26
食品	肥猪肉	21
柜类家具及储物家具	床头柜	20
汽车配件及改装件	雨刮器拉杆	20
美妆	染发工具	25
汽车配件及改装件	弹簧压缩器	20
烟具	水烟炭	22
食品	海胆	21
图书与光盘	神谕卡	21
体育用品	战术板	25
办公家具及商业设备	脚踏凳	20
婴儿用品	婴儿床笠	22
汽车配件	暖风水阀	20
家居装饰品	信箱	25
宠物用品	动物护身符	19
家居用品	玻璃刷	23
体育用品	露营长凳	25
电子配件	蓝牙自拍遥控器	22
运动配件	马蹄铁胶水	25
电工电气	分线盒	21
家用纺织品	浴缸枕	25
手动工具及配件	工具包	20
体育用品	实心球	25
健康用品	一次性鞋套	22
体育用品	钻冰机	25
美妆	接发胶带	25
健康用品	手持式检眼镜	25
汽车配件	平衡轴	20
卫浴	通风干燥箱	20
美妆	指甲蜡	25
家居用品	一次性毛巾	23
食品	代盐	21
婴儿内衣	婴儿包屁衣	20
配饰	婚纱头纱	20
运动配件	船用蓄电池	25
汽车配件	轮毂支架	20
餐具器具	加热底座	26
办公用品	起钉器	24
玩具	沙滩玩具套装	24
餐具器具	上菜板	26
食品	三角馅饼	21
网络设备	网络机柜及配件	19.5
汽车配件	十字轴	20
宠物用品	宠物帐篷	19
宠物用品	宠物爽身粉	19
收纳	首饰架	24
体育用品	弹力带	25
婴儿服装	婴儿连帽衫	21
露营及休闲用品	泳池加热器	25
宠物用品	宠物门	19
内衣	内衣防滑胶带	20
体育用品	旅行套装	25
电子配件	望远镜	18
园艺设备	打草机	17
运动配件	潜水配件	25
食品	冷冻浆果	21
车载电子	车载蓝牙电话	20
手动工具及配件	工具润滑油	20
体育用品	空中瑜伽吊床	25
汽车配件	汽车蒸发器	20
汽车配件	转向拉杆部件	20
汽车化学品及美容用品	内饰清洁剂	20
家居装饰品	迎宾铃铛	25
电子配件	手机镜头保护环	22
汽车配件及改装件	拉马	20
汽车配件及改装件	照明灯具配件	20
汽车化学品及美容用品	汽车化学品及美容用品	20
餐具器具	密封盖	26
汽车配件	刹车片	20
露营及休闲用品	预制车库	25
婴儿用品	学饮杯	22
体育用品	彩弹球	25
柜类家具及储物家具	壁挂衣架	20
美妆	喷雾	25
电子配件	超声波清洗机	18
照明设备	煤油灯	24
宠物用品	猫爬架	19
园艺工具及灌溉用品	水泵控制器	23
手动工具及配件	松动剂	20
运动营养品及化妆品	蛋白奶昔	23
运动服装	涉水裤	20
健康用品	低温急救包	25
配饰	分指手套	20
健康用品	矫形束腰	25
办公家具及商业设备	电竞椅	20
汽车配件及改装件	汽车座套	20
建筑材料	修补混合物	21
运动配件	游泳浮力腰带	25
成人用品	性爱机器配件	25
园艺用品	阳台花箱	25
卫浴	浴室扶手	20
成人用品	情趣胸罩	25
轮胎及轮毂	补胎钉	20
运动服装	运动外衣	20
